t_s,f_all,f_nostatic,f_avatar,f_moving,f_moving_reassigned,f_moving_augmented
0,0.00497558055070405,0.00449122175783686,0.00347723045544744,0.00374756692686804,0.0041500795630272,0.00390856913731537
0.120240480961924,0.00497682389123509,0.00449245233696913,0.00347873440214534,0.00374878203344432,0.00415152966484734,0.00391004658255304
0.240480961923848,0.00498038619644348,0.00449595482717885,0.00348241480303694,0.00375232441354721,0.00415557479279443,0.00391418851628803
0.360721442885772,0.00498603251182755,0.00450146785655376,0.00348821962049335,0.00375812602590365,0.00416221767409043,0.00392099748051176
0.480961923847695,0.0049939572405907,0.00450920991653996,0.00349630880037126,0.00376619499098406,0.00417166305107749,0.00393051697352922
0.601202404809619,0.0050041162320084,0.00451913016217762,0.00350675250031274,0.00377653382199602,0.0041835599380356,0.00394261618312959
0.721442885771543,0.00501659117019296,0.00453123605449754,0.00351949016347526,0.00378933175239422,0.00419805124777153,0.00395746433790103
0.841683366733467,0.00503131406744156,0.00454553105189477,0.00353447372119542,0.00380431694173743,0.00421502201715134,0.00397493656397753
0.961923847695391,0.00504825430936347,0.00456217823861498,0.00355176439605591,0.00382149097217186,0.00423470946490586,0.00399514850840163
1.08216432865731,0.00506744294424447,0.00458095183419249,0.00357141812878495,0.00384086985527117,0.0042569492289411,0.00401806082472979
1.20240480961924,0.00508882307548191,0.00460188884652234,0.00359334451308801,0.00386260348378589,0.00428177839050852,0.00404351755077954
1.32264529058116,0.0051125612932608,0.00462493319526986,0.00361764433648956,0.00388669830692192,0.00430922729935462,0.00407161920352099
1.44288577154309,0.00513857028948705,0.00465025384849325,0.00364423201884992,0.00391296291455465,0.00433917563253364,0.00410235585990494
1.56312625250501,0.00516681973846786,0.00467786203648407,0.00367335343837708,0.0039415464262546,0.00437183891224558,0.00413572401780247
1.68336673346693,0.00519734805700358,0.00470762643848825,0.00370459864868611,0.0039724129421702,0.00440695908262064,0.00417178212589648
1.80360721442886,0.00523012469885388,0.00473961527790405,0.00373823977002528,0.00400567585353842,0.00444466968963256,0.00421038377425697
1.92384769539078,0.00526528757170023,0.00477383361095757,0.00377429540692211,0.00404108430271584,0.00448503675981398,0.00425158425057375
2.04408817635271,0.00530274294050352,0.00481038962216832,0.00381278055443014,0.004078928741921,0.00452772939243104,0.00429540841503414
2.16432865731463,0.00534256834114355,0.00484905811256961,0.00385370536128234,0.00411910876351089,0.00457297042567581,0.00434178048682247
2.28456913827655,0.00538455041143179,0.00489010979611945,0.00389688992238633,0.00416136778826525,0.00462086396434583,0.004390784984295
2.40480961923848,0.0054287790606911,0.00493345731139116,0.00394256398392462,0.00420594332890059,0.00467119596241912,0.00444242119377615
2.5250501002004,0.00547534304919998,0.00497886825141728,0.00399052745525693,0.00425288071603001,0.00472409015347326,0.00449646887353503
2.64529058116232,0.00552438184872085,0.00502656532647575,0.00404090814488979,0.00430211300496654,0.00477929341396482,0.00455300514915274
2.76553106212425,0.0055756890909261,0.00507659468762108,0.00409380912104611,0.00435371401942322,0.00483705921408135,0.00461205169436316
2.88577154308617,0.00562929916594332,0.00512889850982294,0.00414915656237286,0.00440743866972869,0.00489720419109526,0.00467369429466565
3.0060120240481,0.00568518381120234,0.00518354875973305,0.0042069102910642,0.0044635603059379,0.00495978273212447,0.00473782376364881
3.12625250501002,0.00574346774435007,0.00524032219835464,0.00426717002258343,0.00452190600300741,0.00502488742407125,0.00480435885691873
3.24649298597194,0.00580403302970319,0.00529947459910015,0.00432985442633073,0.00458254647371741,0.00509233041876161,0.0048733448993717
3.36673346693387,0.00586700633350118,0.00536084879862038,0.00439506096529275,0.00464559206175487,0.00516213246695721,0.00494473169742984
3.48697394789579,0.00593236324616821,0.00542451260625417,0.00446267036932383,0.0047108336384409,0.00523434476794583,0.0050185327451868
3.60721442885772,0.00599998656286757,0.00549057022012225,0.00453281421153062,0.00477840566351625,0.00530888261324116,0.00509479940236897
3.72745490981964,0.0060699660439798,0.00555882967762809,0.00460545788454375,0.0048482795094181,0.00538579707043426,0.00517345466157722
3.84769539078156,0.00614236277332828,0.00562941646684414,0.00468080000827946,0.00492041709896901,0.00546500772264898,0.00525441033987722
3.96793587174349,0.00621703588993724,0.00570230480781659,0.00475857912275793,0.00499492491665019,0.00554652798203088,0.00533774538078044
4.08817635270541,0.00629416096742302,0.00577745954956074,0.00483879227076422,0.00507163202929161,0.00563037916783395,0.00542341025502731
4.20841683366733,0.00637359129600216,0.00585497890440956,0.00492153276715468,0.0051507395410738,0.0057165490871171,0.00551135673887983
4.32865731462926,0.00645541576849949,0.00593470376108785,0.00500684612558718,0.00523204612202746,0.00580498856886776,0.00560162871257582
4.44889779559118,0.00653966866583777,0.00601681982127236,0.00509464936159608,0.00531583404519999,0.00589560372538772,0.00569417390095695
4.56913827655311,0.00662623306958544,0.00610116987482993,0.00518498758249404,0.00540185741444916,0.00598841499971911,0.00578894255397162
4.68937875751503,0.00671519631251539,0.006187951311261,0.00527795314813584,0.00549010789246378,0.00608358050186422,0.00588608290653222
4.80961923847695,0.00680645732867245,0.00627696295004135,0.0053734176359462,0.00558065407664031,0.00618094579765436,0.00598541321947056
4.92985971943888,0.00690019658978174,0.00636819327470214,0.00547146306614916,0.00567356770247074,0.0062804603495809,0.00608684752922696
5.0501002004008,0.00699620815525498,0.00646170150742376,0.00557199877814601,0.00576881235106631,0.00638210795808531,0.00619042658646352
5.17034068136273,0.00709463417815012,0.00655758539872551,0.00567506199222528,0.0058662445949751,0.00648590178619859,0.00629629252085884
5.29058116232465,0.00719534613623307,0.00665573875882054,0.00578074168083635,0.00596603334626557,0.00659185311049396,0.00640423365182417
5.41082164328657,0.00729845791461533,0.00675608859152531,0.00588890166450047,0.0060681070654322,0.00669987974463473,0.00651436291670428
5.5310621242485,0.00740383989757533,0.00685871946330792,0.00599947698276497,0.00617242115257678,0.00680996457772696,0.00662652148817281
5.65130260521042,0.00751154150360988,0.00696358958208243,0.00611258515320196,0.00627900447415941,0.00692230081918767,0.00674082287483436
5.77154308617235,0.00762158240348029,0.00707065010916979,0.0062281260081445,0.00638784730106015,0.00703659639134553,0.00685710855827149
5.89178356713427,0.00773395193776312,0.00717998506256097,0.00634608651371698,0.00649913261131575,0.00715288898357533,0.00697545399886905
6.01202404809619,0.00784867659440754,0.00729145254014835,0.00646677477597286,0.00661256501501364,0.00727119606881856,0.00709577165229619
6.13226452905812,0.00796558350866433,0.00740523760671447,0.00658976419342788,0.00672815964165641,0.00739146269675373,0.00721817018702607
6.25250501002004,0.00808468237716362,0.00752112565116898,0.0067151185095487,0.0068459744323565,0.00751384121815532,0.00734256786365702
6.37274549098196,0.00820604302208778,0.00763908770928777,0.00684277182572663,0.00696595992415146,0.00763818792180681,0.00746876720543873
6.49298597194389,0.00832961538131073,0.00775916726172574,0.00697286978815586,0.00708820453807274,0.00776444051445677,0.00759683249257155
6.61322645290581,0.00845550421482519,0.00788130796440345,0.00710525434310487,0.00721274420376453,0.0078925735727345,0.00772680279016399
6.73346693386774,0.00858354364271791,0.00800561653686005,0.00723998527130898,0.00733938070100598,0.00802259873366009,0.00785864766055402
6.85370741482966,0.00871370689605432,0.00813204800803788,0.00737703689275715,0.0074681217259712,0.00815449017989459,0.00799244810644766
6.97394789579158,0.0088459901729747,0.00826047351980468,0.00751628327546458,0.00759894513532361,0.00828815707922308,0.00812791392321724
7.09418837675351,0.00898027703468435,0.00839082394874262,0.00765768503743199,0.00773186430568312,0.00842363579705199,0.00826517554542238
7.21442885771543,0.00911668263391169,0.00852309740072119,0.00780148468296978,0.00786685096795507,0.00856097608785285,0.00840412579106253
7.33466933867735,0.0092550841835378,0.00865729410597766,0.00794733241883568,0.00800387874410358,0.00870008131339067,0.00854469775833372
7.45490981963928,0.00939553751261036,0.00879337548053353,0.00809517788798857,0.00814299616355037,0.00884092322282549,0.0086869885756467
7.5751503006012,0.00953789068796301,0.00893130456285801,0.00824520785530304,0.00828406444319864,0.00898355112153295,0.00883086080955085
7.69539078156313,0.00968222273111946,0.00907111368641866,0.00839704749369585,0.00842708688569026,0.00912783037793721,0.00897637808676946
7.81563126252505,0.00982843391541569,0.00921266150616831,0.00855091816153446,0.00857217725377874,0.00927383355060393,0.00912340537509107
7.93587174348697,0.00997655228223956,0.00935593894841101,0.00870658787614494,0.00871901752685027,0.00942139552377312,0.00927196661404254
8.0561122244489,0.0101264057567508,0.00950107322807448,0.00886408255123221,0.00886777388915339,0.0095704798643016,0.00942199183625412
8.17635270541082,0.0102780396122768,0.00964772338963196,0.00902330873530171,0.00901827337427525,0.00972119071047291,0.00957351254384306
8.29659318637275,0.0104313757425193,0.00979603290052507,0.00918437470869866,0.00917053612551824,0.00987338137009175,0.00972631098495316
8.41683366733467,0.0105863592185606,0.00994579451740351,0.0093469706374545,0.00932452124051707,0.0100270147267329,0.00988051067307179
8.53707414829659,0.0107428459471778,0.0100970444314154,0.00951119529540453,0.00948014232547262,0.010182053943489,0.010035962127656
8.65731462925852,0.0109008645118216,0.0102497684437773,0.0096769418152311,0.00963734641040787,0.0103385547502317,0.0101926822572759
8.77755511022044,0.0110603547107625,0.0104038048165136,0.00984419412426867,0.00979615140208661,0.0104963124131341,0.0103504865621623
8.89779559118236,0.0112212574356713,0.0105591589387768,0.0100128437314129,0.00995650645556377,0.0106554806682894,0.0105094178758303
9.01803607214429,0.0113835074835221,0.0107157694983718,0.0101828637454502,0.0101182224941393,0.0108158849545478,0.0106694206026552
9.13827655310621,0.0115469817606374,0.0108736079062234,0.0103540374248504,0.0102814078923546,0.010977613107912,0.0108304413934964
9.25851703406814,0.0117118225387548,0.0110324864736641,0.0105263839027435,0.0104459413039998,0.0111404107155437,0.0109924210062362
9.37875751503006,0.0118777241762989,0.0111925274863947,0.0106998739513503,0.0106118673527992,0.0113042651766311,0.0111552363615118
9.49899799599198,0.0120447670573663,0.0113535420586155,0.0108744387843533,0.010778883639349,0.0114692136265325,0.0113190601491065
9.61923847695391,0.0122127846983164,0.0115155901355317,0.0110498569989122,0.0109471297439439,0.0116351733492726,0.0114835696951012
9.73947895791583,0.0123816722551264,0.0116784127860241,0.0112261876941512,0.0111164355161101,0.0118021621138219,0.0116488369381217
9.85971943887776,0.0125514392299501,0.0118420293865383,0.0114033542229944,0.0112867330235651,0.0119701948525273,0.0118147616205408
9.97995991983968,0.0127220074858694,0.0120063692892724,0.0115810928600319,0.0114580229254024,0.012138840565046,0.0119812453619272
10.1002004008016,0.0128932704644468,0.0121713260943657,0.01175949015667,0.0116303155371895,0.0123084390935272,0.0121482220394276
10.2204408817635,0.0130652450540384,0.0123369252430693,0.0119384270872679,0.0118032862572018,0.0124786961827303,0.0123157225890832
10.3406813627255,0.0132376299892021,0.0125030979081404,0.0121178620167042,0.0119771469510447,0.012649611973785,0.0124836497087271
10.4609218436874,0.0134105540106542,0.0126695656600546,0.012297674296054,0.0121515441370923,0.0128210520552869,0.0126518730273318
10.5811623246493,0.0135837791028547,0.0128365148198316,0.0124778724027248,0.0123265732839197,0.0129930837520814,0.012820316511384
10.7014028056112,0.0137572789378546,0.0130036767029831,0.012658145080127,0.0125021255504986,0.0131655377759956,0.0129890158652152
10.8216432865731,0.0139309022346987,0.0131710024209653,0.0128385845447718,0.0126781600632561,0.0133383778136257,0.0131577969686327
10.9418837675351,0.0141047095521792,0.0133384432812276,0.0130190176272014,0.0128545325375344,0.0135115676877872,0.0133266197264596
11.062124248497,0.0142784628985734,0.0135059531584226,0.0131994943490411,0.013031235404309,0.0136849665912025,0.013495347894731
11.1823647294589,0.0144521632478533,0.0136733906627718,0.0133797113829332,0.0132081590214462,0.0138585718695346,0.0136640397957365
11.3026052104208,0.0146256926922158,0.0138407414075078,0.0135597548204792,0.0133851872442398,0.0140321977643102,0.0138325239892886
11.4228456913828,0.014798986568968,0.0140079317834081,0.0137395943618985,0.0135623161928289,0.0142058343083784,0.0140008311034631
11.5430861723447,0.0149718648537656,0.0141747825417481,0.0139189697953664,0.0137394266300741,0.0143794079480693,0.0141687917241728
11.6633266533066,0.0151442965277007,0.014341315365851,0.0140979262228757,0.0139163722485011,0.0145529114804695,0.0143363652775822
11.7835671342685,0.0153161860354281,0.0145074145819773,0.0142762644229157,0.0140931436538254,0.0147261999243977,0.0145034448702594
11.9038076152305,0.0154874461858975,0.0146729401576816,0.0144539806225998,0.0142697359919929,0.0148990917435567,0.0146700228391392
12.0240480961924,0.0156581131669206,0.0148378793950008,0.0146311385293622,0.0144460863029928,0.0150716659056219,0.0148359033496107
12.1442885771543,0.0158278296903775,0.0150022245175685,0.0148074408027144,0.0146218940262941,0.0152437195017284,0.0150011708609093
12.2645290581162,0.0159967109659984,0.0151659148011487,0.0149830973046227,0.0147972915446272,0.0154152648318637,0.0151658684423387
12.3847695390782,0.0161645792787369,0.0153286698816082,0.0151577080848887,0.0149720381205018,0.0155863001400762,0.0153295391895989
12.5050100200401,0.0163313208952996,0.0154906111223543,0.0153313852215883,0.0151461886190659,0.0157566463452405,0.0154923970693473
12.625250501002,0.0164969954007798,0.0156515153277301,0.0155040684676567,0.0153197509769325,0.0159261946075108,0.0156543145835117
12.7454909819639,0.0166614719389868,0.0158114336165001,0.0156756940550025,0.0154925523541309,0.0160948235503958,0.0158151644906447
12.8657314629259,0.0168246688344661,0.0159704110763013,0.0158460126850124,0.0156644929696139,0.016262629377494,0.0159750112179969
12.9859719438878,0.0169863877408521,0.0161282210177623,0.016015045151578,0.0158354609734871,0.0164295126407134,0.0161338067850236
13.1062124248497,0.0171466082782184,0.0162848067261993,0.0161828243326781,0.016005568643921,0.0165952585912162,0.0162914610854455
13.2264529058116,0.0173054085543152,0.0164400683437778,0.0163492507965579,0.0161746922140148,0.0167598634496893,0.0164477843768321
13.3466933867735,0.0174626051362712,0.0165941145681995,0.0165142630183915,0.0163427333601253,0.016923137627923,0.016602785994801
13.4669338677355,0.0176181919149504,0.0167468703976858,0.0166778608375131,0.0165096004430828,0.0170851492747789,0.0167566182513275
13.5871743486974,0.0177718566679221,0.0168981877692804,0.0168399513768445,0.0166751494182752,0.0172457908770359,0.016909008865977
13.7074148296593,0.0179237055466464,0.0170480195960756,0.0170004384795258,0.016839541386601,0.0174049624959405,0.0170600807713793
13.8276553106212,0.0180738064865872,0.0171962407792419,0.0171593705425699,0.0170025447233084,0.0175627378515909,0.0172095118602392
13.9478957915832,0.0182218590800798,0.0173430099678271,0.0173165678011586,0.0171641429368314,0.0177189898057084,0.0173573616348367
14.0681362725451,0.0183679563219637,0.0174881230440414,0.0174721729403566,0.0173244654804224,0.0178735196602423,0.0175038253642595
14.188376753507,0.0185121454810907,0.0176315760299571,0.0176260150191489,0.0174832601244075,0.0180263644965761,0.0176485656041022
14.3086172344689,0.0186541708790749,0.0177735010532735,0.0177780526005407,0.0176405486331203,0.0181774669995483,0.0177917482517402
14.4288577154309,0.0187940441682099,0.0179136778124687,0.0179283000007398,0.0177962875447031,0.0183269140105407,0.0179333530791639
14.5490981963928,0.0189318159606162,0.0180521761867841,0.018076774800429,0.0179503632649934,0.0184743831373589,0.0180732846494953
14.6693386773547,0.0190673255849742,0.0181889036989972,0.018223458551819,0.0181029542962295,0.0186199566982877,0.0182113903054924
14.7895791583166,0.0192006985637592,0.0183238028468053,0.0183682345199371,0.0182537783285458,0.0187635504430554,0.0183478395764664
14.9098196392786,0.0193317511327321,0.0184570556402787,0.0185111284850983,0.0184028399510609,0.0189052254305577,0.0184825489118927
15.0300601202405,0.0194605139254447,0.0185884553534172,0.0186522145876993,0.0185502041346524,0.0190448788886967,0.0186155083542468
15.1503006012024,0.0195869363998788,0.0187179865748095,0.0187912109255675,0.0186958858594653,0.0191823988316439,0.018746703823102
15.2705410821643,0.019711092743213,0.0188457013472177,0.0189283145892272,0.0188397983397114,0.0193179262079803,0.018876057837024
15.3907815631263,0.0198328800542456,0.0189716619094585,0.019063472567504,0.0189818773603827,0.0194513730435755,0.0190036285496037
15.5110220440882,0.0199522500785681,0.0190958083870295,0.0191967744884523,0.0191221401816449,0.0195824969077327,0.019129513647135
15.6312625250501,0.0200694737534644,0.019218102192665,0.0193280814481992,0.0192607216539553,0.0197115008487598,0.0192535525499724
15.751503006012,0.0201841603404497,0.0193386150453615,0.0194573848890817,0.0193972467728869,0.0198382390231498,0.0193757725180302
15.8717434869739,0.0202964219549164,0.0194574295314301,0.019584870797087,0.0195319711885096,0.0199629329563989,0.0194964838103157
15.9919839679359,0.0204063731244418,0.0195742512550495,0.0197104076751414,0.019664757955067,0.0200852597254813,0.019615144096493
16.1122244488978,0.0205139683089976,0.0196893394694233,0.0198338163664424,0.0197957699975537,0.0202053751788031,0.0197320684240977
16.2324649298597,0.0206192784770133,0.0198025905207353,0.0199553564598981,0.0199248645996599,0.0203234193451622,0.0198472386541885
16.3527054108216,0.0207221386378445,0.0199141783648089,0.0200748666744688,0.0200520338459551,0.020439045765266,0.0199607058173577
16.4729458917836,0.0208227667698414,0.0200239941922729,0.0201924798655349,0.0201775352461352,0.02055234891468,0.0200724871491227
16.5931863727455,0.0209211978278822,0.0201320539257721,0.0203082113046419,0.0203009766942686,0.0206635320957502,0.0201825017749541
16.7134268537074,0.0210172360470573,0.0202386500796116,0.0204220770547841,0.0204224644573565,0.0207723284521859,0.0202909008494178
16.8336673346693,0.0211110237648565,0.0203433850899059,0.0205340466708661,0.0205421721063391,0.0208790141005991,0.0203977178224491
16.9539078156313,0.021202587694441,0.0204462215793064,0.0206440418441448,0.0206598984261568,0.0209834000065656,0.0205028004733156
17.0741482965932,0.0212917478011842,0.0205477699669545,0.0207522539590364,0.0207758928553769,0.0210857099556879,0.0206063042030371
17.1943887775551,0.0213790323129369,0.0206475924459884,0.0208585174315982,0.0208899604578833,0.0211857143289765,0.0207081538712555
17.314629258517,0.0214641612513851,0.0207459730998887,0.0209628978142202,0.0210022914088292,0.0212834622063988,0.0208084388165005
17.434869739479,0.0215472648368792,0.0208427530551062,0.0210656335664947,0.0211127208809502,0.021379175351647,0.0209072900239873
17.5551102204409,0.0216282582172177,0.0209381633277868,0.0211664365888514,0.0212212871369309,0.0214725771778641,0.0210046378449242
17.6753507014028,0.0217071754777898,0.0210320377824555,0.0212654972163795,0.0213281077793909,0.0215639147619847,0.0211005505691348
17.7955911823647,0.0217842404294138,0.0211243708227975,0.0213627395724622,0.0214329979829724,0.0216531885907497,0.0211949180038547
17.9158316633267,0.0218592258204033,0.0212154168550617,0.0214581945537059,0.0215360951317059,0.0217403529339303,0.0212878279297919
18.0360721442886,0.0219324693092588,0.0213049239354836,0.0215519144347403,0.0216375617323938,0.0218254705967887,0.0213794804728372
18.1563126252505,0.0220037840474469,0.0213931342539832,0.021644009726038,0.0217372040660901,0.0219085649341272,0.0214695672703819
18.2765531062124,0.0220732644374419,0.0214800232498213,0.0217343731378604,0.0218350720696727,0.0219896068051867,0.0215584494654343
18.3967935871743,0.0221410230044412,0.02156562500509,0.0218230619783615,0.0219313206526688,0.0220687541439809,0.0216459926530137
18.5170340681363,0.022207042572579,0.0216499247146576,0.0219101465223073,0.0220256547918475,0.0221459407630478,0.0217322773219113
18.6372745490982,0.0222713685201052,0.0217330779458414,0.0219955553699753,0.0221184416739099,0.0222213407116605,0.0218173000112893
18.7575150300601,0.0223341569421144,0.0218148566071177,0.0220794444157069,0.0222095535191755,0.0222947066520288,0.0219009820947744
18.877755511022,0.0223953692117848,0.0218955381276488,0.0221616509273116,0.0222990816718264,0.0223663571889756,0.0219834120153946
18.997995991984,0.0224549955732933,0.0219750192188124,0.0222422436156976,0.022386824608276,0.0224361763251133,0.0220647424032031
19.1182364729459,0.0225130986588387,0.0220534267222692,0.0223212725958448,0.022473012138569,0.0225043033530247,0.0221449652623058
19.2384769539078,0.0225697881402346,0.022130641358642,0.0223989073333563,0.0225575133623915,0.022570598749362,0.0222239277561958
19.3587174348697,0.0226250703219081,0.0222067769725993,0.0224749270279442,0.0226404895030314,0.0226352339618071,0.0223017389919338
19.4789579158317,0.0226790215612824,0.0222817825449878,0.0225494005153997,0.0227218443453181,0.022698205373964,0.022378447583429
19.5991983967936,0.0227315867857116,0.0223557429863619,0.0226223784173376,0.0228016217690106,0.0227595456572176,0.0224539717108307
19.7194388777555,0.0227828639509852,0.0224285699564807,0.0226939722410021,0.0228798703573771,0.0228192214930842,0.0225284198147195
19.8396793587174,0.0228329509550405,0.0225003408049053,0.0227639752266064,0.0229565380433994,0.0228774252931491,0.022601761254242
19.9599198396794,0.0228817937729783,0.0225710910970682,0.022832724439004,0.023031661116778,0.0229341225559733,0.0226739677381119
20.0801603206413,0.0229294295811137,0.0226408339712709,0.0229000470058274,0.0231052545695425,0.0229892437506523,0.0227451784712127
20.2004008016032,0.0229759418757858,0.0227094967443115,0.0229659592367719,0.0231773275888182,0.0230429529266938,0.0228152577486122
20.3206412825651,0.0230214266613532,0.0227771491742017,0.0230303764482804,0.0232479242103557,0.0230951812062217,0.022884177093124
20.4408817635271,0.0230657655110368,0.0228437919703294,0.0230933959976665,0.0233170138477863,0.0231460516812715,0.022952091191387
20.561122244489,0.0231091349260836,0.0229093616785118,0.0231549827151726,0.0233846399741688,0.0231955971377231,0.023018872422103
20.6813627254509,0.0231514429860164,0.0229739509615665,0.0232152895511167,0.0234508504419533,0.0232435856415076,0.0230845779767342
20.8016032064128,0.0231928662061394,0.0230374275583795,0.0232742357991696,0.0235155453850122,0.0232902407313816,0.0231491754830558
20.9218436873747,0.0232330685722339,0.023099950046103,0.0233318387929915,0.023578682282367,0.0233354860566155,0.0232127190375224
21.0420841683367,0.0232723586329389,0.0231614483329049,0.0233880536059758,0.0236402993849411,0.0233795061466777,0.02327520264898
21.1623246492986,0.0233106904614197,0.0232216996307986,0.0234430238312588,0.0237004042524324,0.0234221857747039,0.0233363477831217
21.2825651302605,0.0233480207617812,0.0232808858243065,0.0234966264483385,0.0237590920244703,0.0234635412953125,0.0233962923728149
21.4028056112224,0.0233844855743458,0.0233388321998084,0.0235488594069673,0.0238163382201032,0.0235036569013052,0.0234550896607987
21.5230460921844,0.0234200391172988,0.023395811005227,0.0235997382778148,0.0238720738634662,0.0235425485394082,0.0235126837301108
21.6432865731463,0.0234546920708393,0.0234516461113646,0.0236493952369734,0.0239262572933038,0.023580160140683,0.0235690914537878
21.7635270541082,0.0234884763936963,0.0235062533878538,0.0236976666559687,0.0239790702308349,0.0236164982304536,0.0236242969825843
21.8837675350701,0.023521344182094,0.0235597075367726,0.0237447825645072,0.0240303291234896,0.0236515073625071,0.0236781804653755
22.0040080160321,0.0235533216665304,0.0236119582414199,0.0237905806328596,0.0240800589352913,0.0236854321056446,0.0237308131280978
22.124248496994,0.0235843593518623,0.0236629834367875,0.0238351548746325,0.0241282627998597,0.0237180756260616,0.0237821761691311
22.2444889779559,0.0236145023346521,0.0237127173308626,0.0238783333205711,0.0241750344718203,0.0237495866241811,0.0238321719232729
22.3647294589178,0.0236437619555196,0.0237611381280055,0.0239204872755049,0.0242202717094477,0.0237799772921906,0.0238807475542927
22.4849699398798,0.0236722124950136,0.0238083136927361,0.0239611747709109,0.0242641091931714,0.0238090772298063,0.0239279973424807
22.6052104208417,0.0236997731873511,0.0238541266978087,0.0240007106082337,0.0243065117695535,0.0238369872241039,0.0239737775271372
22.7254509018036,0.023726411343337,0.0238986535070626,0.0240390601611957,0.0243472620358402,0.0238638190918848,0.0240182204327839
22.8456913827655,0.0237521151933875,0.0239418759159218,0.024076093990651,0.0243865271181132,0.023889370141095,0.024061248315148
22.9659318637275,0.0237770303860426,0.023983541364884,0.0241121049146614,0.024424380659437,0.0239138515369687,0.0241027103500989
23.0861723446894,0.0238009447917162,0.0240238870716556,0.0241468255307718,0.0244605701556921,0.0239372055636723,0.0241426722797114
23.2064128256513,0.0238239349140062,0.0240628307112185,0.0241803452602668,0.0244953382598512,0.0239593307215125,0.0241811897433463
23.3266533066132,0.0238460548433532,0.0241001549778315,0.0242125423463023,0.0245286175749834,0.0239803405824297,0.0242181782276679
23.4468937875751,0.0238671845297703,0.0241361636024307,0.0242436727212993,0.0245602290626814,0.0240001653742364,0.0242535764894444
23.5671342685371,0.023887491001902,0.0241707442094317,0.0242735124822782,0.0245904262870696,0.0240188039265206,0.0242875335029073
23.687374749499,0.0239067549190853,0.0242036456916415,0.0243021816507656,0.0246190594792381,0.0240362230254354,0.0243197757978302
23.8076152304609,0.023925026510265,0.0242351559103025,0.0243296897364062,0.0246461523792945,0.0240524626437402,0.0243505159906001
23.9278557114228,0.0239422525154777,0.024264990427618,0.0243560464297232,0.0246715981780379,0.0240676265169714,0.0243795519676639
24.0480961923848,0.0239584817450037,0.0242933263872167,0.0243813076695293,0.0246955754613717,0.024081585515187,0.0244069846451152
24.1683366733467,0.0239737710625565,0.024320015332425,0.0244054909455268,0.0247179055835742,0.0240944360462136,0.0244325796790755
24.2885771543086,0.0239880072171446,0.0243450176569594,0.0244285138261094,0.0247387367397152,0.0241062261465855,0.02445662274615
24.4088176352705,0.0240010953123933,0.0243684880074923,0.0244505237884833,0.0247580543858939,0.0241167605777441,0.0244790373711803
24.5290581162325,0.0240132052531924,0.0243903514269944,0.0244712700545081,0.0247757658036267,0.0241263502531138,0.0244997785500779
24.6492985971944,0.0240243266011127,0.0244105889172162,0.0244910229120642,0.0247920143737497,0.0241347984712354,0.0245187470460969
24.7695390781563,0.0240343866862718,0.0244292093057866,0.0245097591045561,0.0248068013610416,0.0241421272650874,0.0245361113066197
24.8897795591182,0.0240433512615477,0.0244462395137611,0.0245274459758565,0.0248199591626057,0.024148343649907,0.0245518600966405
25.0100200400802,0.024051330688405,0.0244617073502569,0.0245440028503684,0.0248316796065097,0.0241535154913629,0.0245659360068762
25.1302605210421,0.0240582325775355,0.024475394001044,0.0245595195640228,0.0248418889197749,0.0241577221631341,0.0245781577921713
25.250501002004,0.0240639184039794,0.0244876445337075,0.024574103856356,0.0248505539248008,0.0241607444625344,0.0245890263178965
25.3707414829659,0.024068510791128,0.0244982193520208,0.0245877659794929,0.0248577272767772,0.0241627502859433,0.0245981209078241
25.4909819639279,0.0240721242225982,0.0245071537293706,0.0246001203303178,0.0248634264241681,0.0241636847000601,0.0246056038387834
25.6112224448898,0.0240745659059791,0.0245146185398582,0.0246116577696295,0.0248676108536935,0.0241635601320082,0.0246113912161954
25.7314629258517,0.0240759449702373,0.0245203709114566,0.0246221707859058,0.0248703240798608,0.0241625406926226,0.0246156729335201
25.8517034068136,0.0240761120442178,0.0245246145422935,0.0246317002709014,0.024871609162867,0.0241605008650703,0.0246182890151972
25.9719438877756,0.0240752164023975,0.0245272576543315,0.0246401681590036,0.0248715918730344,0.0241574467681784,0.0246193522979017
26.0921843687375,0.0240732568699343,0.0245283857023685,0.0246479672546144,0.0248700062222207,0.0241534267758451,0.0246188869012125
26.2124248496994,0.024070100964968,0.0245281146468326,0.0246547275223899,0.0248669849191887,0.0241484195089653,0.0246168485985771
26.3326653306613,0.0240657282540476,0.0245261060977525,0.0246605909830645,0.0248624822714345,0.0241425517758275,0.0246132666964852
26.4529058116232,0.0240602721469251,0.0245226363345758,0.0246653485754915,0.0248566425475515,0.0241359052473859,0.0246082206869459
26.5731462925852,0.0240536215742945,0.0245176566432726,0.0246691729262636,0.0248494499182366,0.0241281908225019,0.0246016067833508
26.6933867735471,0.024045930764743,0.0245112526834584,0.0246722010393516,0.0248410074016038,0.0241196954646286,0.0245935431255538
26.813627254509,0.0240372068900756,0.024503551533918,0.0246742136779633,0.0248310368984139,0.0241101678375753,0.0245841551221218
26.9338677354709,0.0240272087273027,0.0244944813947305,0.0246753144857683,0.0248197938647171,0.0240998942807546,0.0245734438591315
27.0541082164329,0.024016140486416,0.0244838695751106,0.0246755355645888,0.0248071634658855,0.0240887233587284,0.0245613479583352
27.1743486973948,0.024003859556541,0.0244719629026884,0.0246747994662395,0.0247932484472809,0.024076841201615,0.0245478191098269
27.2945891783567,0.0239905136520433,0.0244586671529336,0.0246732019393954,0.024778002307931,0.024064131031411,0.024533084620348
27.4148296593186,0.0239760826232585,0.0244440905188507,0.0246706472831914,0.024761588407887,0.0240506037802431,0.0245168836484903
27.5350701402806,0.0239605729359172,0.0244281803354885,0.0246671834164164,0.0247438460306265,0.0240363765134073,0.0244996075437506
27.6553106212425,0.0239438096071499,0.0244111535324644,0.0246628959338386,0.0247247894458418,0.0240214089139618,0.0244811225563364
27.7755511022044,0.0239260406826214,0.0243928427936954,0.0246576121957708,0.0247045482034167,0.0240057832428632,0.0244614644364793
27.8957915831663,0.0239072756956728,0.0243732429824852,0.0246514110728349,0.0246832119262545,0.0239893419903661,0.0244405299443865
28.0160320641283,0.0238873412536217,0.024352582976891,0.0246443889421049,0.0246606542275448,0.0239722695523648,0.0244186169397761
28.1362725450902,0.0238663757598554,0.0243308947704862,0.024636411462018,0.0246368203049646,0.023954375750318,0.0243956274394193
28.2565130260521,0.0238443509888955,0.0243080436163869,0.024627470047591,0.0246119465068085,0.023935907491105,0.0243714685406278
28.376753507014,0.0238212412282464,0.0242840049063243,0.0246177535000444,0.0245858733637122,0.0239167461824783,0.0243465097544789
28.496993987976,0.0237969754422067,0.0242590897657083,0.0246069826836267,0.0245586829280641,0.0238969496724953,0.0243204408218159
28.6172344689379,0.0237718350846654,0.0242329420765293,0.0245953666101028,0.0245304133242114,0.023876518147773,0.024293367131152
28.7374749498998,0.0237456481718802,0.0242059185967222,0.0245826019214159,0.024501147360557,0.023855532930289,0.0242653874813785
28.8577154308617,0.0237184353154499,0.0241780230997498,0.0245690845647862,0.0244706918650934,0.0238338427305924,0.0242365694042177
28.9779559118236,0.0236901516752467,0.0241491283977897,0.0245545886861705,0.024439321421726,0.0238115824642097,0.0242069522758841
29.0981963927856,0.0236609630939105,0.0241194529875172,0.0245391368324583,0.0244068855973849,0.0237886286716547,0.0241764892551229
29.2184368737475,0.0236308762504789,0.0240888643260938,0.0245226722694833,0.0243734012890145,0.0237650870601756,0.0241453254675405
29.3386773547094,0.0235997017471708,0.024057497950137,0.0245053505145111,0.0243390693240272,0.0237409113889967,0.0241133514224732
29.4589178356713,0.0235676025720539,0.024025336077473,0.0244869925483054,0.0243036844770076,0.0237162381893588,0.0240807873505799
29.5791583166333,0.0235347043370162,0.0239923803401715,0.0244677774492722,0.0242674273962951,0.0236910767828337,0.0240474109437119
29.6993987975952,0.0235009347926779,0.0239587173082208,0.0244475281879807,0.024230332718162,0.0236652185742007,0.0240133744918456
29.8196392785571,0.0234662260947618,0.0239243554794604,0.0244263662824753,0.0241923392629387,0.0236389220597775,0.0239787710404061
29.939879759519,0.0234306248795449,0.0238892741050934,0.0244043481817722,0.0241534966737448,0.0236121494257077,0.0239434336222045
30.060120240481,0.0233942432649533,0.0238534703813798,0.0243812073764672,0.0241138657700996,0.0235848282611044,0.0239075855642045
30.1803607214429,0.0233569893338716,0.0238171266158415,0.0243573126047039,0.0240734369974185,0.0235569098760802,0.0238711087679082
30.3006012024048,0.0233190089960467,0.0237801775108035,0.0243324875549043,0.0240322462584006,0.0235284888831031,0.0238342627552926
30.4208416833667,0.0232801400350747,0.0237427760715985,0.0243067293737249,0.0239902661195911,0.0234994610049653,0.0237969733179847
30.5410821643287,0.0232405918405644,0.0237048566927419,0.0242800124400297,0.0239475819016033,0.0234699206572012,0.0237592135734549
30.6613226452906,0.0232002858883235,0.0236664334770507,0.024252509362014,0.0239042446560429,0.0234398952868187,0.0237211049687315
30.7815631262525,0.0231593372532727,0.0236275157359576,0.0242239770107132,0.0238602285223482,0.0234092939721506,0.0236824864272371
30.9018036072144,0.0231177121237544,0.0235881692233721,0.0241945523028943,0.023815662201341,0.0233781835734886,0.0236435474176093
31.0220440881764,0.0230755002819181,0.0235484342806327,0.0241641666728647,0.0237704664134943,0.0233467381202156,0.0236042776292595
31.1422845691383,0.0230325579926032,0.0235083710103095,0.0241331103978638,0.0237246512679085,0.0233147947033196,0.0235647791549108
31.2625250501002,0.0229890529826237,0.0234680039724538,0.0241011554297089,0.0236785632922582,0.0232823527325511,0.0235250087481545
31.3827655310621,0.0229450806494183,0.0234272987444845,0.02406836974942,0.0236318134069838,0.0232492873181884,0.0234849668899769
31.503006012024,0.0229006070268346,0.0233863852304928,0.0240347811949303,0.0235847534628746,0.0232158032227837,0.0234446806932361
31.623246492986,0.0228555471566591,0.0233451413237363,0.0240003900254797,0.0235371693508162,0.0231818318447959,0.0234042543435859
31.7434869739479,0.0228099992393737,0.0233038532581327,0.0239650992371892,0.0234891279092618,0.0231474506255968,0.0233637700343101
31.8637274549098,0.0227640804973897,0.0232622848879513,0.0239291882582701,0.0234407029232455,0.023112589171228,0.0233231913967451
31.9839679358717,0.0227177279499408,0.0232205914822261,0.0238926456073329,0.0233921049933145,0.0230770641828492,0.0232824074523663
32.1042084168337,0.0226711225627539,0.0231787036209332,0.023855316526051,0.0233432492114751,0.0230411435683991,0.0232415477807748
32.2244488977956,0.0226241107015758,0.023136755789154,0.0238173881114916,0.0232940799523866,0.0230048631558934,0.023200514937318
32.3446893787575,0.0225766805153372,0.0230946769728397,0.0237786315568116,0.0232445816994783,0.0229681619220999,0.0231595969918801
32.4649298597194,0.0225289445440158,0.023052541423192,0.0237393040809126,0.0231950075522032,0.0229309489326614,0.0231186509411493
32.5851703406814,0.0224810630184587,0.0230104180395721,0.0236996095902837,0.0231452909009181,0.0228932910906332,0.0230776666920613
32.7054108216433,0.0224330436532972,0.0229683648601318,0.0236592057658964,0.0230953687485429,0.0228552780448931,0.0230368192089701
32.8256513026052,0.0223847623905643,0.022926439476578,0.023618164034645,0.0230454722866424,0.0228167528696124,0.0229960337671057
32.9458917835671,0.0223364578403826,0.0228843511993655,0.0235766796088977,0.0229956377730834,0.0227778316472759,0.0229553786793012
33.0661322645291,0.0222879307627239,0.0228424680678669,0.023534572383542,0.0229457523171784,0.0227385466775641,0.0229147940422739
33.186372745491,0.0222394237854095,0.0228007218493502,0.0234919565217181,0.0228957868291919,0.0226988048080813,0.0228743082458225
33.3066132264529,0.0221908765041931,0.0227591036325456,0.0234489496207903,0.0228459013043659,0.0226587355559031,0.0228339703786418
33.4268537074148,0.0221422608666691,0.0227175381435604,0.0234055413163767,0.022796019727944,0.0226182613646984,0.0227937755939915
33.5470941883768,0.0220934820936828,0.0226762035435144,0.0233619284654465,0.0227462674858291,0.0225774171382188,0.0227538608525164
33.6673346693387,0.0220449445893849,0.0226349458389788,0.0233177689740711,0.022696575319625,0.02253615196423,0.0227141036036559
33.7875751503006,0.0219964479797179,0.0225939331704905,0.0232733335367459,0.0226471098595741,0.0224945732721248,0.0226745076121892
33.9078156312625,0.021948137128722,0.0225532174764572,0.0232287043843731,0.0225977512624226,0.0224525574176989,0.0226351214937766
34.0280561122244,0.02189986012309,0.0225125801943413,0.0231836656121962,0.0225486510676882,0.0224103301547149,0.0225959900064165
34.1482965931864,0.0218517265082067,0.0224721958434887,0.0231383058610895,0.0224998330686117,0.0223678101981112,0.0225570093286947
34.2685370741483,0.0218038548080612,0.0224319995890771,0.0230927014796198,0.0224511417369412,0.0223250473868057,0.0225182602984414
34.3887775551102,0.0217560540451807,0.0223920968435619,0.0230469350838804,0.0224028005971343,0.0222819498339354,0.0224798369255046
34.5090180360721,0.0217085551157785,0.0223524279122963,0.0230010312137427,0.0223546865793357,0.0222385552973805,0.0224415526829097
34.6292585170341,0.0216613180322661,0.0223129589750752,0.0229547914209412,0.022306809017114,0.0221949063519906,0.0224034636832144
34.749498997996,0.0216142942635015,0.022273666445801,0.0229084456033737,0.0222592463704078,0.0221508511910111,0.022365613883751
34.8697394789579,0.0215674115383355,0.0222346471533786,0.0228619137376215,0.022212039805682,0.0221066198849198,0.0223281287062652
34.9899799599198,0.0215209335934683,0.0221958485494392,0.0228151231704908,0.0221648594928294,0.0220621259693533,0.0222907888846995
35.1102204408818,0.0214746797681147,0.022157492474633,0.0227682484241282,0.0221181506255606,0.0220172998262767,0.022253679459086
35.2304609218437,0.0214288312059443,0.022119117445596,0.022721059543058,0.0220717313136667,0.0219721531228453,0.0222168014974632
35.3507014028056,0.0213831482310598,0.0220809283872109,0.0226738365552356,0.0220256618231324,0.0219267981638635,0.0221800083711632
35.4709418837675,0.0213377274652887,0.0220429173571521,0.0226264387648456,0.0219797922342479,0.0218812569672541,0.0221434034574256
35.5911823647295,0.021292630754222,0.0220051251586452,0.0225787605511065,0.0219340907706948,0.0218355753678783,0.0221069651763145
35.7114228456914,0.0212477928416173,0.0219674284690699,0.0225310749507176,0.0218887443678477,0.021789512681467,0.0220705759023631
35.8316633266533,0.0212032984375156,0.0219297175635168,0.0224831485721306,0.0218437099692159,0.02174330727528,0.0220342541577501
35.9519038076152,0.0211590207090807,0.0218922508623369,0.0224349704859704,0.0217988302294664,0.0216967290158406,0.0219979916155881
36.0721442885772,0.0211150770713121,0.0218546530232729,0.0223866687089966,0.0217541631725124,0.0216499714834856,0.0219616750652744
36.1923847695391,0.021071331300019,0.0218172976791375,0.0223380829737636,0.0217096536342726,0.0216030685197014,0.0219256350094187
36.312625250501,0.0210277495828181,0.0217800316711695,0.0222892417216686,0.0216651258532529,0.0215557485692774,0.0218895593491932
36.4328657314629,0.0209846244960424,0.0217425967607724,0.0222401533887179,0.0216210324150564,0.0215082527686854,0.0218533506005522
36.5531062124249,0.0209416948901849,0.0217050145262056,0.0221906837636471,0.021577076500401,0.0214603578603284,0.0218169768190436
36.6733466933868,0.0208988540739244,0.0216674572448989,0.0221408293795673,0.0215331523096592,0.0214123482007114,0.0217804335923491
36.7935871743487,0.0208561148794482,0.0216296575581418,0.0220906103317304,0.0214891235643231,0.0213641337674501,0.0217438478718219
36.9138276553106,0.0208134835389539,0.0215917367532105,0.0220399965247765,0.0214452443016681,0.0213156254516113,0.0217069721357663
37.0340681362725,0.0207711340596743,0.0215535439677782,0.021989062731199,0.0214011576684604,0.0212665947166355,0.021669894045775
37.1543086172345,0.0207287654477247,0.0215151653243085,0.0219377138346802,0.0213571138629251,0.0212174080500832,0.0216324369754343
37.2745490981964,0.0206864340541779,0.0214763663348672,0.0218858730849074,0.0213129168210996,0.0211678419841544,0.0215946853567948
37.3947895791583,0.0206440804501202,0.0214371243393763,0.0218333751757087,0.0212685920740716,0.0211181249881492,0.0215564608434398
37.5150300601202,0.0206016647897859,0.0213975378306759,0.021780268882013,0.0212240607242601,0.0210680774245039,0.0215177897189658
37.6352705410822,0.0205593047832479,0.0213574759260069,0.0217266651385946,0.0211792924816897,0.0210176874609753,0.0214785749105326
37.7555110220441,0.0205168137566848,0.0213168925771435,0.0216723880559979,0.0211343164068338,0.0209669044433423,0.0214388356483262
37.875751503006,0.0204742125616214,0.0212758446903929,0.0216174486865226,0.0210890098776086,0.0209156441614742,0.0213985246502591
37.9959919839679,0.0204314678662338,0.021234087616818,0.0215618190834819,0.0210432591696463,0.0208640740613025,0.0213575997407538
38.1162324649299,0.0203883812830865,0.0211917363674014,0.021505322943645,0.0209971541097825,0.0208121276573693,0.0213159409205475
38.2364729458918,0.0203451020972607,0.0211486455001079,0.0214480232886018,0.0209504417366085,0.0207597312549514,0.0212735675433313
38.3567134268537,0.0203014551605596,0.0211047255663509,0.0213899226119501,0.0209033155537754,0.0207069337510368,0.0212302674017676
38.4769539078156,0.0202575219102663,0.0210599792426966,0.0213310262493864,0.0208556172555976,0.0206536294503242,0.0211860992962717
38.5971943887776,0.0202130919042455,0.021014412196736,0.0212711202267721,0.0208072556165406,0.0205998956255723,0.0211411658156895
38.7174348697395,0.0201682967064753,0.0209680312668267,0.0212103084260455,0.0207582131267901,0.0205457204118453,0.0210952872314213
38.8376753507014,0.0201230730119404,0.0209206173141422,0.0211484474536994,0.0207084786838643,0.0204909856372917,0.0210483151031478
38.9579158316633,0.0200773353232275,0.0208721528773709,0.0210855715900785,0.0206581101256343,0.020435829301103,0.0210003277779048
39.0781563126253,0.0200309893341792,0.0208226932569842,0.0210216372437238,0.0206069236269106,0.0203801017617492,0.0209512722832058
39.1983967935872,0.0199840381445214,0.0207721979049812,0.0209565160773344,0.0205549258557689,0.0203239124862843,0.0209011024649477
39.3186372745491,0.0199366200265402,0.0207205628411589,0.0208903048851783,0.0205020496250432,0.0202671549372991,0.0208498819238597
39.438877755511,0.0198884844554274,0.020667922365764,0.0208230480754052,0.0204483211977056,0.0202097862487223,0.02079738152529
39.5591182364729,0.0198396270516372,0.0206140493512868,0.0207546851766318,0.020393599268024,0.020151930514857,0.0207437632982764
39.6793587174349,0.0197900463967247,0.0205589399406324,0.0206850939788072,0.020337968058571,0.0200934557270624,0.0206888662801438
39.7995991983968,0.0197397030995435,0.0205025968785017,0.0206143567345517,0.0202814577682319,0.0200344063645607,0.0206325304785674
39.9198396793587,0.0196886310593327,0.0204448797005492,0.020542412528257,0.0202238439475815,0.0199749237176508,0.0205750131888697
40.0400801603206,0.0196365397334225,0.0203860511079352,0.0204692571728983,0.0201651931502708,0.0199148570666315,0.0205162709389519
40.1603206412826,0.0195837613450652,0.0203259338323494,0.0203947543221855,0.0201053990788982,0.0198541129863902,0.0204561523619162
40.2805611222445,0.0195301487229833,0.0202644940524425,0.0203191711651041,0.0200446548112779,0.019792809692809,0.0203946753584261
40.4008016032064,0.0194757087268249,0.0202017289222205,0.0202423229651516,0.0199829029070867,0.0197308597311583,0.0203317994202455
40.5210420841683,0.0194203639793661,0.0201376024695086,0.0201642220966277,0.0199200192428873,0.0196683412272675,0.020267486878911
40.6412825651303,0.0193640386612218,0.0200721222461801,0.0200848621875288,0.0198561388663533,0.0196053681116843,0.020201842537959
40.7615230460922,0.0193066990135796,0.0200052444005272,0.0200043065983577,0.0197909163008223,0.0195417149461373,0.020134860044289
40.8817635270541,0.0192483957238695,0.0199372611715863,0.0199226251344422,0.0197247426128118,0.0194775146800324,0.0200665321805169
41.002004008016,0.0191892655883021,0.0198678253497928,0.019839862906892,0.019657368961013,0.0194126758822848,0.0199968658996489
41.122244488978,0.0191291166781149,0.0197970953897065,0.0197559120365351,0.019589007006113,0.0193472279412968,0.0199258092924988
41.2424849699399,0.0190680994868386,0.0197250578729154,0.0196709406476872,0.0195195538290705,0.0192812330037554,0.0198534031331354
41.3627254509018,0.0190060902258399,0.0196517278489962,0.0195846059970505,0.0194489599323029,0.0192148385252738,0.0197796014985498
41.4829659318637,0.0189430971153951,0.0195770622508848,0.0194974250781001,0.0193773401020181,0.0191479239322388,0.0197045286797475
41.6032064128256,0.0188791211138552,0.0195011574431916,0.0194092463917265,0.0193046771960832,0.0190804335122942,0.0196281720164815
41.7234468937876,0.0188142112111523,0.0194240332922395,0.0193200860261599,0.0192309710182215,0.0190124815854019,0.0195504348004303
41.8436873747495,0.0187484375639082,0.0193456293957804,0.0192299890667804,0.0191563560401541,0.0189441686285166,0.0194715499130908
41.9639278557114,0.0186815477556968,0.019266183327423,0.0191389618824838,0.0190807472987829,0.0188752931587694,0.0193915171176828
42.0841683366733,0.0186138951921152,0.0191855581105435,0.0190472206431194,0.0190041279465365,0.0188059491271776,0.0193103103006459
42.2044088176353,0.0185454770656339,0.0191038977488259,0.018954540183141,0.0189267291867515,0.0187362271207269,0.0192280681260055
42.3246492985972,0.0184760916963145,0.0190212839683586,0.0188611871158919,0.0188483745744668,0.0186660196923887,0.0191446694498928
42.4448897795591,0.018405916401074,0.0189377207631311,0.0187671697855094,0.0187692506389792,0.0185955471992225,0.0190604302025747
42.565130260521,0.0183349494655159,0.018853153602212,0.0186725461869636,0.0186893979094562,0.0185246197496838,0.0189751564630062
42.685370741483,0.0182632765372915,0.0187677328181961,0.0185772156601351,0.0186089262504135,0.0184534573366936,0.0188890026239618
42.8056112224449,0.0181909226990797,0.0186814788204072,0.018481555287885,0.0185276927348912,0.0183820120799763,0.0188018908858456
42.9258517034068,0.0181178522549294,0.0185945111977347,0.0183854452938597,0.0184459083249118,0.0183103878037434,0.0187141175307066
43.0460921843687,0.0180440308407787,0.0185068421439017,0.0182890449105219,0.0183635181749254,0.0182384989820011,0.0186256268011907
43.1663326653307,0.0179697099579049,0.0184183546077004,0.018192413017531,0.0182806216629348,0.0181664450998731,0.0185363176637302
43.2865731462926,0.0178947131731492,0.0183294500516456,0.0180955800793706,0.0181973388054456,0.0180942548235101,0.0184464320781444
43.4068136272545,0.0178191879869136,0.0182398595003588,0.0179986577467733,0.0181135149512484,0.0180218600613442,0.0183560451519892
43.5270541082164,0.0177431108239307,0.0181498795944861,0.0179017144194556,0.0180295035033291,0.0179494580262261,0.0182651504869663
43.6472945891784,0.0176667134822228,0.01805957659136,0.0178047299087102,0.0179450426852242,0.0178768038327665,0.0181738808376081
43.7675350701403,0.0175898855141857,0.0179689159169634,0.0177077855023342,0.0178604429584553,0.0178042844137386,0.0180822729960898
43.8877755511022,0.0175126714374203,0.0178779980994707,0.017611082441338,0.0177757654305639,0.0177315792171379,0.0179903630488778
44.0080160320641,0.0174352112316196,0.0177868962749199,0.0175145115073428,0.0176909618100268,0.0176589964404645,0.0178982234310084
44.1282565130261,0.0173574325353389,0.0176955500359931,0.017418328206308,0.0176061647487386,0.0175865262969017,0.017806029253226
44.248496993988,0.0172793582456545,0.0176043519566075,0.0173223351317739,0.0175213660776016,0.017514090006098,0.0177137697669869
44.3687374749499,0.0172012531408846,0.0175129735335633,0.0172268283556871,0.0174365278252072,0.0174417203453248,0.0176214270452401
44.4889779559118,0.0171229421671525,0.0174218179270387,0.0171319193038256,0.0173520610266353,0.0173694511932533,0.0175292627286423
44.6092184368737,0.0170446343469303,0.0173307796436019,0.0170376195467103,0.0172675975686148,0.0172972451885417,0.0174372091916022
44.7294589178357,0.0169663080196307,0.0172400218102301,0.0169438576805951,0.0171836275129575,0.0172254342326103,0.0173454282055583
44.8496993987976,0.0168880126045541,0.0171494735721754,0.0168507457459144,0.0170998785671133,0.0171536588297643,0.0172538222636355
44.9699398797595,0.016809788191126,0.0170592999443288,0.0167584416993919,0.0170165891439563,0.0170821913318028,0.0171626188311278
45.0901803607214,0.0167317152282444,0.016969459861148,0.016667033480179,0.0169336680878039,0.0170109778890276,0.017071715357614
45.2104208416834,0.0166537728564815,0.0168801165714824,0.0165762648506691,0.0168512786573996,0.0169401074483276,0.0169814047202954
45.3306613226453,0.0165760089847263,0.0167912858726151,0.0164866427046929,0.0167693615158541,0.0168694574002582,0.0168915061408652
45.4509018036072,0.0164985525990223,0.0167030245907887,0.0163979306803397,0.0166881113093486,0.0167991534409239,0.0168022725991521
45.5711422845691,0.0164213521575946,0.0166154104291353,0.0163102215764869,0.016607423352903,0.016729171162809,0.0167135868978837
45.6913827655311,0.0163445323411565,0.0165284930113144,0.0162235619182531,0.0165274889726952,0.0166594954886906,0.0166256606205718
45.811623246493,0.0162680086029038,0.0164422777186105,0.0161379422317408,0.016448269266625,0.016590169349363,0.0165383386507225
45.9318637274549,0.016191931749347,0.0163566816647386,0.0160533586492046,0.0163698385496988,0.0165212069670121,0.0164516767362851
46.0521042084168,0.016116184045178,0.0162719534409699,0.0159700272694781,0.016292187713997,0.0164527128852268,0.0163659724897031
46.1723446893788,0.0160408655138914,0.0161881096932383,0.0158879206887974,0.0162151763808969,0.0163845519117054,0.0162810214758884
46.2925851703407,0.015966113186694,0.0161050555343223,0.0158069729062054,0.0161391659655962,0.0163167624090127,0.0161970252860826
46.4128256513026,0.0158918310444621,0.0160229784485117,0.0157272026883637,0.0160640526033618,0.0162492497092376,0.01611390288866
46.5330661322645,0.0158181587633675,0.0159417033063784,0.0156488112490463,0.0159897556124564,0.0161821924461395,0.0160315512884908
46.6533066132265,0.0157449880027864,0.0158613307453469,0.0155716169250678,0.0159164638251861,0.0161155751416941,0.0159501992124485
46.7735470941884,0.0156722839839039,0.0157819403397201,0.0154956362459967,0.0158440104176722,0.0160492579829152,0.0158696955656
46.8937875751503,0.0156001845890628,0.0157034814007434,0.0154209673799904,0.0157724159904673,0.0159833729798364,0.0157902488939776
47.0140280561122,0.0155286407568358,0.0156260874645938,0.0153475131825902,0.015701793885505,0.0159177716392969,0.0157117287964369
47.1342685370741,0.0154577448278169,0.0155495346402902,0.0152753659925289,0.0156320773898669,0.0158524545189642,0.0156341178080131
47.2545090180361,0.0153873780952795,0.0154739675461215,0.0152045112538507,0.0155633994069617,0.0157875144232811,0.0155574529437815
47.374749498998,0.0153175533072033,0.0153993167252204,0.0151348036533205,0.0154955072963678,0.0157229051594803,0.0154817990496151
47.4949899799599,0.0152483941739221,0.0153258406922465,0.0150663278791175,0.0154285813120269,0.0156586721753982,0.0154072368915423
47.6152304609218,0.0151798063567283,0.0152533163878839,0.0149989294574205,0.0153624641982576,0.0155945915184598,0.0153335493568617
47.7354709418838,0.015111923521206,0.0151816036537888,0.0149328674003143,0.0152974646933345,0.0155307594797275,0.0152608348874941
47.8557114228457,0.0150445532484875,0.0151109542746349,0.0148680139550786,0.0152333338156819,0.0154672218627106,0.0151890325510173
47.9759519038076,0.0149777548957685,0.015041177120328,0.0148041650438796,0.0151699124765428,0.0154040269600491,0.0151180922689161
48.0961923847695,0.0149115683730784,0.0149721922661511,0.0147414315357178,0.0151074655499561,0.0153410679858432,0.015047965018092
48.2164328657315,0.0148458308336359,0.014904109803061,0.0146797798161061,0.0150457804937011,0.0152782178213937,0.0149787225561124
48.3366733466934,0.0147806235500209,0.0148369319264998,0.0146192543884878,0.0149847653450521,0.0152155931469234,0.0149103287469232
48.4569138276553,0.0147159249479605,0.0147704905029436,0.014559812566753,0.0149245341424687,0.015153095522773,0.0148427870321607
48.5771543086172,0.0146517384647044,0.0147049157715513,0.0145011442866866,0.0148651179019085,0.0150905648640978,0.0147759227505065
48.6973947895792,0.0145880444636327,0.0146399778619502,0.0144435259833467,0.0148062629570101,0.0150281544237382,0.0147097737159515
48.8176352705411,0.0145246943476327,0.0145757720979272,0.0143866804660071,0.0147481438779396,0.0149658681488065,0.0146442986075701
48.937875751503,0.0144617895988251,0.0145122885625067,0.0143306616506459,0.0146905104466775,0.0149035656502263,0.0145795162765738
49.0581162324649,0.0143993302024424,0.0144494147999081,0.0142754653152789,0.0146334989352115,0.0148412901377873,0.0145152837960742
49.1783567134269,0.0143372506470092,0.014387045956579,0.0142209908056904,0.0145770578837311,0.0147788787830484,0.0144515299712601
49.2985971943888,0.0142754024052021,0.014325176516006,0.0141671485385199,0.0145210361557798,0.014716508304482,0.0143883443170724
49.4188376753507,0.0142138531370436,0.0142638891948371,0.0141139243593928,0.014465357653414,0.0146540453711767,0.0143256390987897
49.5390781563126,0.014152627543974,0.0142028722358857,0.014061321688254,0.0144100177659875,0.0145914907884903,0.0142631157210168
49.6593186372746,0.014091597267352,0.0141423606026229,0.0140092834122077,0.0143551079446241,0.0145287153613011,0.0142012181208751
49.7795591182365,0.0140306861479508,0.0140822835450923,0.0139577035911131,0.0143003283043464,0.0144657668723,0.0141395861981769
49.8997995991984,0.0139700934935346,0.0140224308089194,0.0139065338486703,0.0142458638040072,0.0144026815212656,0.0140782106244437
50.0200400801603,0.0139096265027462,0.0139628886330286,0.0138556336920182,0.0141916803056781,0.0143392272557371,0.0140169751893697
50.1402805611222,0.0138492571002269,0.0139033838483066,0.0138050976118888,0.0141375550408147,0.0142755710233197,0.0139559421790336
50.2605210420842,0.0137888644946774,0.0138442020442192,0.0137548669024112,0.0140835859259186,0.0142117699032452,0.0138950555074755
50.3807615230461,0.0137285747842495,0.0137850600072735,0.0137046650362441,0.014029483193645,0.0141475951176898,0.0138341072264094
50.501002004008,0.0136683177694372,0.0137258278093154,0.0136548178187921,0.0139755609386599,0.0140831664002403,0.0137732308554242
50.6212424849699,0.0136078885987762,0.0136667904523161,0.0136051223964575,0.0139215195566812,0.0140181948480236,0.0137124382382391
50.7414829659319,0.0135474790444475,0.0136077618712636,0.0135554023560656,0.0138672250373415,0.0139530781564225,0.013651482200838
50.8617234468938,0.0134871099405712,0.0135486106339467,0.0135057488255232,0.0138130259571176,0.0138875155773103,0.0135905609424329
50.9819639278557,0.0134265120465921,0.013489421447696,0.0134559488550088,0.0137586571580938,0.0138214029185262,0.0135294283596046
51.1022044088176,0.0133659034519614,0.0134300305542256,0.0134062298487866,0.0137040553824704,0.0137550741780652,0.0134680927979767
51.2224448897796,0.0133050149555781,0.0133704726642598,0.0133563239913271,0.0136492492898674,0.0136883680790232,0.0134065172017862
51.3426853707415,0.013244046202009,0.013310655367937,0.0133062565473612,0.0135941071269028,0.0136211807349018,0.0133446451403271
51.4629258517034,0.0131827026940915,0.0132506460349294,0.0132561676335433,0.0135386742025314,0.0135536367349189,0.0132826735678863
51.5831663326653,0.0131212763462234,0.0131904748227435,0.0132058333698079,0.0134828929476984,0.0134855987770252,0.0132203016053984
51.7034068136273,0.0130596513284821,0.0131298892687036,0.0131553716349729,0.0134267719262549,0.0134171387559218,0.0131576847919561
51.8236472945892,0.0129977204462407,0.0130691639235965,0.0131046127807814,0.0133703903025835,0.0133481945850474,0.0130947537035602
51.9438877755511,0.0129356312914639,0.0130080088795812,0.0130535410222746,0.0133135172274847,0.0132789047470198,0.0130313338561422
52.064128256513,0.0128732713054768,0.0129465210562486,0.0130021392102549,0.0132563861791879,0.0132092685280266,0.0129676791197165
52.1843687374749,0.0128104963414301,0.0128847109044423,0.0129505346630096,0.0131987982323972,0.0131390905261735,0.012903607223919
52.3046092184369,0.0127475993814261,0.0128225046538579,0.0128985321410899,0.0131407217973133,0.0130686941243434,0.0128391121576578
52.4248496993988,0.0126843954515251,0.0127599654347905,0.0128462991388335,0.0130822524376157,0.0129978427066487,0.01277428988183
52.5450901803607,0.0126208871865748,0.0126971162254382,0.0127936498179501,0.0130233180132722,0.0129265987411872,0.0127090986720377
52.6653306613226,0.0125571679370171,0.0126337919026125,0.0127408058785245,0.0129639940200304,0.0128550421600014,0.0126433825603088
52.7855711422846,0.0124931473242601,0.0125700706645077,0.0126875347232477,0.0129043125472275,0.012783127995068,0.0125773192248789
52.9058116232465,0.0124288746257707,0.0125060948197791,0.0126339472326986,0.012844102224033,0.0127109853654149,0.0125109129267083
53.0260521042084,0.0123643030378557,0.0124417662628133,0.0125799961503735,0.0127834540459,0.0126386004765217,0.0124441412159617
53.1462925851703,0.0122995945395312,0.0123770685407769,0.0125258755064629,0.0127225280381589,0.0125658638939156,0.0123770562034913
53.2665330661323,0.0122346438416356,0.0123120841994667,0.0124714120232832,0.0126612244920555,0.0124929182958877,0.012309607453263
53.3867735470942,0.0121695335265347,0.0122467363510479,0.0124167107928419,0.0125995313491089,0.0124198699618659,0.0122418591315451
53.5070140280561,0.0121041938728897,0.0121811818370599,0.012361703213074,0.0125375431533869,0.0123466779184983,0.0121738974112028
53.627254509018,0.0120387773781983,0.0121153770457821,0.012306416533797,0.012475181874369,0.0122733485391682,0.0121056192569232
53.74749498998,0.0119732452781919,0.0120493225713487,0.0122509692795566,0.0124126214951354,0.0121999912812158,0.0120370966379759
53.8677354709419,0.0119076309806659,0.0119830560097293,0.0121953851904024,0.0123498192077186,0.0121265462882589,0.0119684657142425
53.9879759519038,0.0118419120299756,0.0119167419500102,0.0121395185615834,0.0122867793930315,0.0120531985429739,0.0118997255823894
54.1082164328657,0.0117762442219452,0.0118502508782957,0.0120836771583028,0.0122235459414854,0.0119799206809279,0.0118307902756824
54.2284569138277,0.0117106305244881,0.0117836661606736,0.012027627045589,0.0121602995432312,0.0119067302534304,0.0117618082625361
54.3486973947896,0.0116449976023344,0.0117170988564667,0.0119716335124111,0.0120969028297394,0.0118337170925727,0.0116928268404774
54.4689378757515,0.0115794224169209,0.0116504650101559,0.0119156853513003,0.0120334476613784,0.0117609957024602,0.011623867438778
54.5891783567134,0.0115140708599988,0.0115839832184824,0.0118596489521333,0.0119700898171031,0.0116884812848216,0.0115549821430935
54.7094188376754,0.011448903274508,0.0115175408463381,0.0118037608784381,0.0119067343104077,0.0116162726669943,0.0114862316749735
54.8296593186373,0.0113839980159135,0.0114513643891527,0.0117481056144451,0.0118435146662733,0.0115444978900824,0.0114178314813867
54.9498997995992,0.0113193218337977,0.0113854926631338,0.0116925906144267,0.0117803842400996,0.0114730743397665,0.0113497321213684
55.0701402805611,0.0112551602318839,0.0113199168049624,0.0116373209197415,0.0117176513771107,0.0114022748393071,0.0112819286587151
55.190380761523,0.0111914414399214,0.0112547298945027,0.0115823489290318,0.0116552213282657,0.0113319140774746,0.0112144817766412
55.310621242485,0.0111281925786232,0.0111899314722101,0.0115276386004042,0.0115931550205419,0.0112622729246245,0.011147461197062
55.4308617234469,0.0110654099799084,0.0111255550321601,0.0114733869071365,0.0115315508110352,0.011193427595584,0.0110810378358676
55.5511022044088,0.0110031877702313,0.0110617969173296,0.0114194703458565,0.0114704389554073,0.0111253028373894,0.0110152027150691
55.6713426853707,0.0109416802386781,0.0109986198075369,0.0113662609758391,0.0114097819866497,0.011058032541884,0.0109499621643689
55.7915831663327,0.0108808811085191,0.0109361296117364,0.0113136290048083,0.0113498257453477,0.0109916149283277,0.0108855179633761
55.9118236472946,0.0108207975058022,0.0108743566557258,0.0112616298163564,0.0112905593706099,0.010926147648802,0.0108218708729831
56.0320641282565,0.0107616110164316,0.0108135332022481,0.0112102757736806,0.0112320220833695,0.0108616972643783,0.0107591504786925
56.1523046092184,0.0107033236646327,0.0107535878988642,0.0111597693018488,0.0111743141132124,0.010798324348976,0.0106972945295119
56.2725450901804,0.0106460524406222,0.0106945310187416,0.0111098963236669,0.0111176071347847,0.0107360665940215,0.0106365084955902
56.3927855711423,0.0105897428531273,0.0106365264945975,0.0110609919896546,0.0110618574357728,0.0106749848618256,0.0105766981351504
56.5130260521042,0.0105345490833336,0.0105795193439338,0.0110130187257494,0.0110070696743356,0.0106153157014903,0.0105180063583226
56.6332665330661,0.0104804786028304,0.010523682697032,0.0109660384886342,0.0109534142554661,0.0105569750182581,0.0104605707253945
56.7535070140281,0.0104275386650656,0.01046917643692,0.0109201081177073,0.0109008245823549,0.0104999632809504,0.0104044190963971
56.87374749499,0.0103759737980415,0.0104158702677081,0.0108753698751638,0.010849480146495,0.0104444423301066,0.0103496278271409
56.9939879759519,0.0103257186445026,0.0103639378005253,0.0108316939411077,0.0107995460363774,0.0103903420693362,0.0102962655336597
57.1142284569138,0.0102768117149819,0.0103135368535948,0.0107893275714878,0.0107509069478538,0.0103378321446074,0.0102443891025064
57.2344689378758,0.0102294950766313,0.0102645016159856,0.0107480903014855,0.0107036711850619,0.0102870680101067,0.0101940080470244
57.3547094188377,0.0101836390284349,0.0102170376598812,0.0107082301028774,0.0106580383532763,0.010237963366457,0.0101453196014303
57.4749498997996,0.010139250680384,0.0101711981122257,0.0106697074160777,0.0106138200871622,0.0101905820946619,0.0100982176166208
57.5951903807615,0.0100966589809577,0.0101270527283301,0.0106326564815716,0.0105712617967005,0.0101450785164841,0.0100529640384749
57.7154308617234,0.0100556765855424,0.0100847835576116,0.0105970367943176,0.0105303069011548,0.0101013330960085,0.0100095097364434
57.8356713426854,0.0100164777156621,0.0100442789807143,0.0105629028362246,0.0104911660348042,0.010059472797259,0.00996800980661212
57.9559118236473,0.00997910829294453,0.01000565425595,0.0105304288647758,0.010453918408764,0.0100196112742412,0.00992834908456722
58.0761523046092,0.0099436742877826,0.00996890061031045,0.0104995209750362,0.0104184691084205,0.00998169800768835,0.00989068646544839
58.1963927855711,0.00991001064801945,0.00993413462350442,0.0104703143590672,0.0103849332512432,0.00994601628565528,0.0098550352686372
58.3166332665331,0.00987838045811301,0.00990140283169605,0.0104426585412201,0.0103532906294904,0.00991239314333437,0.00982144222314896
58.436873747495,0.00984876198489319,0.0098706847627779,0.0104168362019532,0.010323658002246,0.00988093352060816,0.00978998910658437
58.5571142284569,0.0098211323017698,0.0098420229506956,0.0103928243690937,0.01029607600518,0.00985164248642753,0.00976061912907629
58.6773547094188,0.00979556151981451,0.0098154955021977,0.0103706557717871,0.0102705110197112,0.00982455519470473,0.00973340708119566
58.7975951903808,0.00977205730187847,0.00979114371775838,0.0103503030964281,0.0102470361224155,0.00979974143906645,0.0097084605980497
58.9178356713427,0.00975065146410728,0.00976895969533769,0.0103317505468492,0.0102256473575121,0.00977715758894756,0.00968563558319019
59.0380761523046,0.00973147356713462,0.00974898661094313,0.0103151701761648,0.0102064210765455,0.00975682840136904,0.00966525707394021
59.1583166332665,0.00971431263940041,0.00973135189279868,0.0103004819490977,0.0101893769346706,0.00973886008981609,0.00964723780783366
59.2785571142285,0.00969950476124969,0.00971604313617309,0.010287706956169,0.0101745058587499,0.00972319557963539,0.00963143972617809
59.3987975951904,0.00968696314167995,0.00970287987951833,0.0102768065910449,0.0101619061525313,0.00970988982509243,0.00961809496989312
59.5190380761523,0.00967654335085859,0.00969216962279842,0.0102677877526202,0.0101515976419861,0.00969882956818459,0.0096071308467202
59.6392785571142,0.00966842258044868,0.00968379490040908,0.0102607932115913,0.0101433460412831,0.00969029323050279,0.0095985607702846
59.7595190380761,0.00966260685952916,0.00967776610598921,0.0102556098221969,0.0101375153599519,0.00968420225967768,0.00959233848532551
59.8797595190381,0.00965911550239372,0.00967403317690524,0.0102526283674289,0.0101340114929786,0.00968027532218593,0.0095884570229184
60,0.00965778523078692,0.00967252070972,0.0102515308068308,0.0101326438521011,0.00967892146264429,0.00958710702281376
