channel,tau_star,A_free,B_free,R2_free,RMSE_free,trough_amp_free,t_trough_free,A_lock,B_lock,R2_lock,RMSE_lock,dR2
Fp1,11.2,-161.353184627907,-91.2544115697024,0.76354852445911,2.6355308535472,-21.8367789427472,29.1525167291664,-426.811068087305,-58.3048562255969,0.641644844669631,9.36128266863633,0.121903679789479
Fp2,2.5,-459.182127628669,-50.011267942967,0.438968604922988,15.2352840986154,-62.1435432998163,23.6530678673579,-384.981592671374,-59.4734199617598,0.429220596019712,13.0293889121991,0.00974800890327565
AF7,12.7,-106.615321882194,-66.7344669456708,0.561661623978744,2.7646909904894,-14.4288147842893,30.1006975674092,-269.285125118296,-45.9626052611004,0.536282060086348,7.34907858135712,0.0253795638923959
AF3,4.9,-215.415662831191,-31.4597908480787,0.507588346298642,6.22698863606073,-29.1533397428619,25.1701572085465,-241.674301128746,-28.0988647432333,0.506361869378318,7.003167858569,0.00122647692032385
AFz,11.8,-101.765847288767,-40.6992458304024,0.502493079660503,2.97223058703635,-13.7725097666391,29.5317890644635,-209.524115909954,-26.1995038476689,0.438921580012041,6.9525247726422,0.0635714996484623
AF4,2.5,-241.967369611862,-23.0373333825935,0.415786586469326,8.41775065176006,-32.7467225004395,23.6530678673579,-207.777942458099,-27.4974018788929,0.410953337575966,7.30076295170069,0.00483324889335934
AF8,14.4,-136.526379286604,-57.6043491049332,0.754552792055601,2.28582053447708,-18.4768362100217,31.1753025174178,-309.035763488767,-34.5911854132915,0.54899321675573,8.2206659653317,0.205559575299871
F7,7.2,-72.1066774779005,-22.1244782841685,0.738469303796459,1.25942593671032,-9.75857761972274,26.6240344938522,-140.674501244236,-13.9494246474669,0.709599848308252,2.64117549338424,0.0288694554882074
F5,12.9,-75.9833288818295,-23.4914404188985,0.830614093683204,1.00721045218556,-10.2832253354831,30.2271216791749,-163.676460578668,-12.2149417467811,0.659634712837829,3.45062144559181,0.170979380845375
F3,3.5,-127.5832732289,-14.1271307553742,0.603025124011615,3.03806560931604,-17.2665184186873,24.2851884261865,-120.516500426372,-14.9981507604448,0.602692499026728,2.87178692281335,0.000332624984887508
F1,5.4,-96.1541141838918,-12.2747842033276,0.473396047507008,2.97640209152129,-13.0130442774426,25.4862174879608,-110.969242680314,-10.3197717952526,0.468724771896856,3.46731792374347,0.00467127561015213
Fz,7.2,-66.1437579499392,-12.9950042147434,0.494569775869071,1.96249121349891,-8.95158421648897,26.6240344938522,-92.1493649439232,-9.58039958108284,0.477866236312339,2.82696397805082,0.0167035395567319
F2,15,-48.6161243007076,-12.8996922713858,0.480901726881434,1.48279648746894,-6.57947695210263,31.5545748527149,-92.2597526789281,-6.5998058958646,0.405913775992332,3.2757469402792,0.0749879508891013
F4,2.5,-132.149401992285,-10.4594269108429,0.488966430377795,3.96496286333182,-17.8844767481748,23.6530678673579,-113.174479941206,-12.891993673901,0.484424798689335,3.42666419138207,0.00454163168846
F6,13.9,-49.1091231251366,-23.0247573005555,0.475663714515818,1.51355516989794,-6.64619708764205,30.8592422380035,-139.820277714194,-11.166795988209,0.459736557415659,4.44844928712732,0.0159271571001588
F8,15,-73.5711746757402,-16.4960751847377,0.790661756732278,1.11132530267215,-9.95677576279161,31.5545748527149,-161.996040446741,-4.51692787815641,0.539118242922151,4.39589547181512,0.251543513810127
FT9,4.8,-101.575273526545,9.67574252714609,0.883203941107424,1.07221149178309,-13.7467184125514,25.1069451526636,-103.809672460921,10.0228084233317,0.870531547103248,1.17494558946077,0.0126723940041766
FT7,8.4,-72.2903783583809,-0.572390445892066,0.860244362414406,0.855193034647389,-9.78343883041338,27.3825791644464,-113.581249313954,4.64876032780922,0.748066154489881,1.93450612292301,0.112178207924526
FC5,6.4,-76.4255519040163,-0.200125040581802,0.828451462430191,1.02069620716374,-10.3430737134445,26.1183380467893,-92.2621137217293,1.85485040572539,0.779978116296552,1.43815383197547,0.0484733461336387
FC3,5.4,-58.9620530826704,-1.14732254012061,0.707491189735656,1.11269347536879,-7.97964615415539,25.4862174879608,-66.3962679329882,-0.180840825595431,0.691708251445678,1.3009282766219,0.0157829382899781
FC1,3.5,-32.9456965918268,-0.157378835567461,0.359120311580578,1.29168484665295,-4.45871517968239,24.2851884261865,-32.2506997378438,-0.258589352013339,0.357697388691188,1.26835642530508,0.00142292288938983
FC2,3.7,-19.4978643913526,-0.241154761837763,0.226126921672495,1.05860920653529,-2.63874899991277,24.4116125379522,-19.2864890979162,-0.274400010652908,0.225921369814185,1.04774903934778,0.000205551858310171
FC4,5.5,-46.3591293878825,0.156334583553859,0.379588293664189,1.73945494873585,-6.27402590631185,25.5494295438436,-48.898885985912,0.587249250360561,0.363222182579117,1.90018969594118,0.0163661110850726
FC6,5.7,-68.0416603780804,1.25442154426558,0.67230816344646,1.39417909361963,-9.20843737915692,25.6758536556093,-79.1549275896783,2.70407433534607,0.645544137209701,1.72141776198103,0.0267640262367588
FT8,13.7,-43.9910756869068,2.4741142458235,0.660732667825884,0.925337103875894,-5.9535446879708,30.7328181262378,-67.8450650264597,5.75535713002081,0.628860449358736,1.52967776321888,0.0318722184671485
FT10,0,-52.8423313512969,14.8671306902652,0.589625117467385,1.03696495144764,-7.15143188031071,22.0727664702865,-41.3526998722346,13.4871084051515,0.557782577217425,1.08063625567436,0.03184254024996
T7,3.8,-51.0566105620851,9.58751012519808,0.785408962190206,0.774835013866098,-6.90976085152122,24.4748245938351,-50.4595274838528,9.51595070283092,0.783898598911192,0.777557006288951,0.00151036327901366
C5,15,-41.0853102138213,5.17629975767381,0.675862339366568,0.835269810166269,-5.5602920946516,31.5545748527149,-58.5327914398266,7.81173568477349,0.578761289056524,1.46556082811113,0.0971010503100445
C3,4.2,-36.6532670083079,6.12348244334706,0.722449256894743,0.666762227838644,-4.96048027211655,24.7276728173665,-37.0963272541347,6.18585758991106,0.721509656679,0.676402373432471,0.000939600215742797
C1,10.7,13.387772327032,4.68174066052369,0.233024983133313,0.712901362355435,1.81183795978617,28.8364564497521,7.32061579836496,5.21517605970323,0.0700552237691224,0.782791578010415,0.162969759364191
Cz,10.9,22.3246187850345,7.97502505272678,0.811498867982155,0.315813880762502,3.02130860642205,28.9628805615178,39.6980973847061,5.74524151239557,0.709700577814693,0.745152926637239,0.101798290167462
C2,2.5,25.2313220440049,3.72970531735882,0.55569817434386,0.662137675169368,3.4146881152596,23.6530678673579,17.6029269493906,4.61830708198993,0.431469029138991,0.593030936054627,0.124229145204869
C4,4.7,-29.348176525961,6.57900013004979,0.318158188152503,1.26093676264673,-3.97184378261904,25.0437330967808,-29.1642887812537,6.59813961631796,0.3055807734785,1.29029631749589,0.0125774146740024
C6,6.1,-80.614179818036,10.9254487988668,0.885402824141681,0.841618386829447,-10.9099428585611,25.9287018791407,-77.4893100730571,10.7632681420392,0.772948152191852,1.23259200175015,0.112454671949828
T8,3.4,-49.1121931889506,10.4064323818068,0.721977851229123,0.884915881419143,-6.64661257559787,24.2219763703036,-48.0164249967333,10.2615340462184,0.717430750107778,0.884407649504338,0.00454710112134482
TP9,0,-76.9326982292132,16.6035101098197,0.411791192932558,2.16280770920691,-10.4117085050074,22.0727664702865,-40.7833780399675,12.611456683622,0.177622198868342,2.57549360447408,0.234168994064216
TP7,3.8,-90.5637605669587,14.1122120432802,0.814543255018427,1.25463697425909,-12.2564721873021,24.4748245938351,-89.3690734354206,13.9712381737641,0.810515648790404,1.26818741787777,0.00402760622802301
CP5,3.9,-51.7926196645196,10.3666304842886,0.746794525878348,0.875576940160569,-7.00936885186392,24.5380366497179,-51.2783508887051,10.3090917003765,0.745109944930111,0.880218572459626,0.00168458094823676
CP3,6.3,-49.5297005431965,12.1656650156425,0.713812835187811,0.910053156529163,-6.70311605163811,26.0551259909065,-41.8395625129624,11.3799347152954,0.539412972764094,1.13467766040327,0.174399862423717
CP1,2.5,24.758640884299,7.89363512136186,0.245669512980904,1.27327064705034,3.35071767663018,23.6530678673579,12.6515445271503,9.285918744608,0.0968367717278164,1.13395738301572,0.148832741253088
CPz,12.4,40.9556514868207,9.19091500177975,0.743528856924105,0.706055759791836,5.54274469410888,29.9110613997607,56.8372209453695,6.95032177013198,0.691358621829217,1.11454711118313,0.0521702350948875
CP2,14.8,18.638698162349,9.93288033068041,0.440748021088924,0.616345448996949,2.52247349496323,31.4281507409492,9.23491747529041,10.968234336563,0.0652863459544876,1.02553702346264,0.375461675134436
CP4,6.4,-39.7008395563615,10.5856283653934,0.527091716469489,1.10367955534627,-5.37292436609151,26.1183380467893,-39.0897190464079,10.6925294908162,0.424739826094811,1.33512959606646,0.102351890374679
CP6,5.5,-77.1020130768829,11.4718573653914,0.666976482013732,1.59897707135242,-10.434622777873,25.5494295438436,-82.5697216818172,12.2778270908621,0.625774631882264,1.87399603892219,0.0412018501314684
TP8,3.9,-74.015306787546,14.7992234263224,0.77338316254654,1.16321696913532,-10.0168825079373,24.5380366497179,-73.0486443087103,14.6910687295928,0.768521504542399,1.17660228136321,0.00486165800414118
TP10,4.1,-53.0885953323732,14.951643000786,0.870139127076525,0.595413319749628,-7.18476008594064,24.6644607614836,-52.7959533968194,14.9289285439414,0.865657131331648,0.610415007550096,0.00448199574487762
P7,3.9,-59.8101806073041,14.1748912690127,0.774544557563861,0.93685575059329,-8.09442773292245,24.5380366497179,-59.2922799726147,14.1169461358278,0.77368552464183,0.941157470400132,0.000859032922030267
P5,4.6,-50.138546054294,13.9518749571462,0.631955311757143,1.11072360596616,-6.78551433132983,24.9805210408979,-48.7611174872528,13.8270786571834,0.609724157399747,1.14494070681377,0.0222311543573961
P3,4.8,-17.5100250846209,12.7920852292636,0.156533667724753,1.17984681828492,-2.36972420430737,25.1069451526636,-15.1065279692053,12.5248635708392,0.120180262790476,1.1995963815055,0.036353404934277
P1,2.5,16.1738911821221,11.8167871993541,0.122709826845726,1.26921503036314,2.18889814417064,23.6530678673579,1.24626474791265,13.5136728893796,0.00143319338597292,0.965465342046403,0.121276633459753
Pz,2.5,22.9874796966895,11.0697289179984,0.23014664144162,1.23390513386673,3.11101707564736,23.6530678673579,7.0787597346355,12.8810028708468,0.046561385750202,0.940114614711943,0.183585255691418
P2,5.8,-15.9379399027865,13.455715640423,0.194715310888318,0.940638142587378,-2.15696561095173,25.7390657114922,-9.42394765930298,12.7385128712735,0.067352972247664,1.0292084667096,0.127362338640654
P4,4.6,-28.7623841539961,15.1244313291906,0.567588743289309,0.728758552268335,-3.89256540604132,24.9805210408979,-27.1671051522606,14.964821205556,0.520278456504752,0.765614704120296,0.0473102867845574
P6,3.4,-44.4779887221961,13.6723492829164,0.565146474054596,1.13284639570473,-6.01944120151328,24.2219763703036,-43.1598945037241,13.5036171140431,0.554628555133018,1.13509094313028,0.0105179189215786
P8,3.4,-69.806182217725,14.7335811954026,0.828334940237321,0.922713236720212,-9.44723944210241,24.2219763703036,-68.4795248488139,14.5581152983227,0.823060583548379,0.931852863610378,0.00527435668894161
PO7,0,-85.4280538267092,16.8613862810709,0.723438459385254,1.24243969713423,-11.5614298609903,22.0727664702865,-68.1971071784612,14.716153599261,0.71275568380719,1.27060787497742,0.0106827755780633
PO3,4.1,-49.101939760214,15.8104425845218,0.612911013628286,1.13286418008654,-6.64522492491565,24.6644607614836,-48.16550469659,15.7128917747737,0.603293976824772,1.14629455711361,0.00961703680351367
POz,5,-57.7797095454449,16.7061367981605,0.755952568664257,0.963513802352891,-7.819633356662,25.2333692644293,-58.2943014525298,16.8430478047098,0.716717557992407,1.0756032895145,0.03923501067185
PO4,3.9,-76.7155149912865,17.4913868804873,0.820538091941945,1.04162267707924,-10.3823159499884,24.5380366497179,-75.7017186349815,17.3779586261975,0.815041487421723,1.05838397575477,0.00549660452022205
PO8,3.9,-100.524297146574,18.9702947087813,0.88856779095697,1.03352642856317,-13.604484226493,24.5380366497179,-99.3986084414177,18.844347417784,0.884427212364505,1.05455021085922,0.00414057859246508
O1,3.4,-94.2436527270848,16.7523926697561,0.803463420882178,1.35339837883179,-12.754491435073,24.2219763703036,-92.017089023184,16.4643965988795,0.795638544446452,1.36867485676006,0.00782487643572594
Oz,3.8,-97.4128811468398,17.7654820143062,0.799017861214233,1.41845731095327,-13.1833998609021,24.4748245938351,-96.0558688515839,17.6063924515591,0.793876886232913,1.43648430584019,0.00514097498132071
O2,3.3,-57.9775660549045,14.4570720522499,0.734891966424346,1.01112160107264,-7.84641032340993,24.1587643144208,-55.6950599189924,14.1715999151994,0.716863575289565,1.02727448837907,0.0180283911347812
Iz,0,-135.661481732496,22.4375031850925,0.70565014995291,2.06097847796364,-18.359785054566,22.0727664702865,-88.2028960592023,16.9714385060739,0.455849200378669,2.82827799543178,0.249800949574242
