dyad,pid,r_hR_full,r_hL_full,xc_peak_full,xc_lag_full,PLV_full,dphi_mu_full,r_hR_pre,r_hL_pre,xc_peak_pre,xc_lag_pre,PLV_pre,dphi_mu_pre,r_hR_post,r_hL_post,xc_peak_post,xc_lag_post,PLV_post,dphi_mu_post
1,1,-0.5735672151905099,-0.33975955264693314,-0.5735672151905105,0.0,0.9509445858354902,-0.009460106083624277,-0.7839934944870041,-0.6366680941924419,-0.7839934944870036,0.0,0.8974748972349217,0.047909279331619356,0.010618016132171752,0.011698491342334215,-0.4733010915926359,-3.1,0.9705624610668094,0.00019989358534273157
1,2,0.02472338944601395,0.05015450385589868,-0.3003360560298183,3.5,0.4359641921151802,0.22705453245718313,-0.12717836963604096,-0.3212480454303796,0.8731495205922142,-2.9,0.48207691862632895,0.11743007040812481,0.007819942518370428,0.16416786002298303,-0.4074547198002405,3.7,0.44581035668606944,0.2776116150294184
2,1,0.04379992410335613,-0.04220624898031409,0.521380797622127,-7.8,0.8255997676639745,-0.11603096022832861,0.44612007835450296,0.26950668042457704,-0.5526082733953398,6.9,0.7515388644265216,-0.21553367367789983,-0.2789527980471558,0.5362745574628242,-0.5641006297617852,-6.5,0.8890034103774661,0.006131978551942733
2,2,0.4183059481665671,0.46977643264623875,-0.4805844501631037,8.6,0.9488114081704206,0.03467243328798372,-0.12637883157825106,-0.19489981830895795,-0.5829086574937778,9.5,0.927912483350406,0.0697778609530774,0.47562748320780834,0.4837287949036889,0.7145561798972041,-2.4,0.9831953313852911,0.12607850998466197
3,1,-0.246129111598983,-0.4208243395468576,0.6107372803020289,8.8,0.7872109522732651,0.07629625857864533,-0.36304892634242486,-0.45172376394555186,-0.6538967985818682,2.5,0.9237460846456443,-0.03572476535488902,-0.4149940860638795,-0.42019725614484293,0.8588234295205744,9.4,0.7500884915832928,0.09569522569711857
3,2,0.18374575314976488,0.031932144959210235,-0.4084220610041707,-6.9,0.9689006832385081,-0.0024289724930263157,0.797169719236505,0.8750509231967593,0.7971697192365053,0.0,0.8870188123575122,-0.008650332629103762,-0.04562297735550862,-0.5544511982285691,-0.7334442378505506,-6.7,0.978524797608451,-0.00043929180103941846
4,1,-0.3087407932924553,-0.18804518325406744,-0.4085985337866626,-9.7,0.10395597900473173,0.7909560305501607,-0.036301532996715936,0.08342305616359687,0.5151934660610906,2.0,0.7912675965771834,0.18602251490755148,-0.13181630642161965,0.0464084319616824,-0.6411280396915897,-10.0,0.5374917846571184,-2.9856176787995063
4,2,-0.43585880240970676,-0.4299695697101668,-0.6186820719990097,-4.8,0.6949508537437329,0.26278351890284146,-0.32463017775707437,0.029055488780958146,-0.8029573962389029,-3.9,0.651185377064486,0.41049047113462933,0.043634581141089056,-0.2701885708162408,-0.6030556069899397,-8.7,0.7209152548321829,-0.129561126910216
5,1,-0.21925401410011033,0.10345841218163433,-0.3878815309734439,-2.4,0.37571549336474963,0.030398263796049884,0.4085394415277413,-0.3263867710373316,0.5541307562631087,1.6,0.29433417990575583,2.434418142494739,-0.6128084109863592,0.09023142099394989,-0.6230385560127842,-0.7,0.6634147102234768,-0.03464146407632373
5,2,-0.2633782256619988,0.5391899203894184,-0.6396288413599599,5.4,0.1473163216593431,-0.9789151824173811,-0.4856555042988284,-0.3977177382506207,0.5750876272334088,6.0,0.25094314961209996,0.7898830480385909,-0.09593629911327455,0.28315063042286054,0.7095010785795904,-8.5,0.5522756028548812,-0.015756718563115706
6,1,-0.015342462834651724,0.07682258646975262,0.5189798443516748,7.0,0.9107974668590957,0.15237075175309994,0.4034204881868617,0.41644935721672294,0.5803585704033253,-2.1,0.9701828256529909,0.04030969296344559,0.0801008667820585,0.022119913862936443,0.36898071037647906,-2.6,0.9797742260665807,0.18832471628753855
6,2,0.2690548547894723,0.11351682810375524,0.26905485478947166,0.0,0.24927428027751714,0.1348930310627742,0.8086073069818598,0.506424273474394,0.8086073069818593,0.0,0.06126898219936547,-2.0296784670806525,-0.42599399403709015,-0.22712305269215918,-0.5807809457867203,1.9,0.339015145744546,-0.006836936192264205
7,1,-0.5887326956235929,-0.6313631354697241,-0.6141894100102087,-0.8,0.60152572702048,0.386189682264624,-0.7071265665805947,-0.8536771891262205,0.7902612054446029,-5.7,0.6819478733265114,-0.1717481303155215,0.029637467418559403,0.06843446625376852,-0.6199862181987497,-2.8,0.5513167610909473,0.43145230018936775
7,2,-0.4230033791566636,-0.44628146903831906,0.45853580221284357,6.1,0.9647010205834966,-0.00027447912868945747,-0.048972151898157366,0.04848520641672751,0.8003693994680575,-7.4,0.9729389035088052,-0.0011668599969652665,-0.4518598457325215,-0.5050840024549027,0.6939307025103697,8.9,0.9636444653842774,-0.0003152001070903077
8,1,0.4884155928358064,0.6465541076960665,0.6422141121130991,2.5,0.7880112117760343,0.4343814718261201,0.3060940341875134,0.2658747630481702,0.8282969035256766,3.3,0.86939339673707,0.10039874598636539,0.0039505375994766875,0.7806090056724452,0.41823100465059804,4.3,0.6962132702468682,0.7147256112051796
8,2,0.6758534383318755,0.3462664790279695,0.6883487352888839,-0.7,0.8511604727810711,0.14300813208734361,-0.5232763154263281,-0.6684607309996626,-0.6279178775273762,1.8,0.9364208899510099,0.36730473447163986,-0.5663048626269972,-0.5415745193498007,0.6362587650165551,-5.0,0.795938740954645,-0.016361579077487275
9,1,-0.12687800563456783,0.09113647786038613,-0.4596843003063513,4.8,0.7615612659276647,-0.08309918866019353,0.6814255127126291,0.7230392815575011,0.6814255127126287,0.0,0.7193320877349139,-0.031519638103098505,0.2703450062599839,0.09478513144166884,0.35188861760381707,1.7,0.7778140410589598,-0.04171278697456485
9,2,0.37653078598082446,0.1999582237150938,-0.46613481282506475,-10.0,0.9867205067749133,0.001022072173770454,0.7758686929107308,0.5426811523948475,0.7758686929107306,0.0,0.9234536072876928,0.01516040149824354,0.6223953752311076,0.33148104686481195,-0.7033101710423134,-10.0,0.9894258033438579,0.0003084840799513819
10,1,-0.5738957592895396,0.6283977450077808,-0.5738957592895397,0.0,0.9072729720234457,3.129038458906159,-0.9452260268642994,0.5448001608768767,-0.9452260268642998,0.0,0.77253832235213,3.0589872584712774,-0.2555574698815449,0.014228857374375027,-0.6028235158372595,3.3,0.920930744208747,3.1330961872800156
10,2,-0.15560519791227384,-0.11990952956651953,-0.43741511435459823,7.6,0.7121848377886059,0.8018092414254774,-0.3902553949073189,-0.31491742319715577,-0.39025539490731875,0.0,0.8644706105215657,0.013956171790166604,-0.33453642354982227,-0.5408824181054488,-0.5611985472326749,5.9,0.606264458388282,1.4539135674396186
11,1,-0.37136056615154567,-0.4146365387469719,0.7159435423083143,10.0,0.6057274112808634,0.4429736597905347,-0.8114312807385405,-0.8531007003378288,-0.811431280738541,0.0,0.8532031810663864,0.3414937163083882,-0.2911141722566306,-0.27587918299682684,0.4446389208813497,8.8,0.4937387879886097,0.09763990183971928
11,2,0.2445762610285904,0.22757787613304267,0.35189749813423427,6.5,0.28155771739714036,-0.054617173921576584,0.10689837514777184,-0.1238899174442447,0.7060189029704322,5.6,0.4809229619135134,0.6256493629859763,0.37990629703290113,0.5466723871039465,0.458041720993985,-2.2,0.3185596832529231,-0.08636216946878779
12,1,-0.7130689986023209,-0.5462381337987514,-0.7884004471339736,-1.3,0.8040153004284837,-0.06254455033983389,-0.39382730822733997,0.27324506543950733,-0.448693673842349,4.9,0.7231974738666466,-0.14130447504297367,-0.711568688789892,-0.6347632147946519,-0.716162235772205,0.3,0.715168535400542,-0.3935199284021263
12,2,0.08261118124204939,0.11692608204062035,0.4892720254665935,-8.0,0.7224003079490109,0.028792239723511144,-0.7703409631079481,-0.6170075167479723,-0.8231893624966635,-1.1,0.6551407190198012,0.08311895143810857,0.46756114944437377,0.5761253591181011,0.6491383902855946,-4.1,0.7870824579668964,0.06125343267529772
13,1,0.4573801386012383,0.27551266570846855,0.644406879729196,-8.4,0.9843166602732215,0.0001935022369362794,-0.34165911983051295,0.0684139066237304,0.5978811921646331,7.6,0.9901857059017697,-0.00015518642562408462,0.3357685392801412,0.2750998942934661,-0.6424750379153826,-3.7,0.9840576673106154,0.0003651746387600233
13,2,-0.36433996055295964,0.2386131858847487,-0.576571236455993,-2.0,0.695392300758988,-0.07290576819862253,-0.3957170245435344,0.56982358476102,-0.5116440361910446,-1.3,0.6077251894172345,-0.05077578009309091,0.26636964638149374,0.4461968845649495,0.7606137524748943,2.7,0.6251046873767258,-0.12473827420080334
14,1,0.16680421651138624,0.19283224097620766,0.5708742510805275,4.3,0.4848069118375519,0.04041256900794054,-0.4974355315655579,0.20276563321734167,-0.6680660021414931,4.0,0.6184805422214815,-0.22777034270882404,0.44467087736064376,0.30141720597997457,0.8542757086404577,4.1,0.5366016505734608,-0.021593593852615462
14,2,-0.07451407593725776,-0.03320243357354354,0.7417849039245766,7.4,0.9966810162352796,1.2489248467361828e-05,-0.05944549919796349,-0.09666160561346702,0.7221407500186235,5.4,0.9984122509297175,1.4116699505406481e-05,0.0774732126712519,0.15176077288529843,-0.3873583523547274,-6.2,0.9979841575119117,-3.70560156073707e-06
15,1,0.12764138041871617,-0.28334642768288143,0.41383735613243045,6.1,0.9641663712483356,-0.0014949917735709566,0.6609431313905322,0.8766036856317233,0.696648577183868,-1.7,0.8202103941084907,-0.22689823429716732,-0.6673654850060123,-0.6333892224755415,-0.6718290516724823,0.3,0.9862645636529329,0.0004809249799524483
15,2,0.11551277605522171,0.33033188835455607,0.6000605592442138,9.3,0.9812773473809092,0.1610321476328689,-0.3877529866925922,-0.38642389081872486,-0.5490526312800053,1.8,0.7518357605238062,0.05499144175963212,-0.0649703768103504,-0.04563035361075026,-0.5524972241767268,5.3,0.9835059476561293,0.0005975131181660417
16,1,-0.337262106077823,-0.7040875724001355,-0.5098298141463112,-4.6,0.9332734741441931,0.018122938033621982,0.05692545147695133,-0.27800548650127777,0.5097279372564151,5.9,0.8826875217067949,0.009612777235429047,-0.4850219133455213,-0.6964264043487656,-0.4850219133455215,0.0,0.9178217703351499,-0.0006691657881260975
16,2,-0.5985735141654308,-0.5170078846660069,-0.6592861891304689,-6.5,0.30148374887577156,2.7164779414032,-0.8299732217767155,-0.39515281489839466,-0.8362594441036492,0.4,0.0895213701087743,-0.9603578773041198,-0.4644353459745316,-0.04500486192613856,-0.554677902607837,-1.4,0.2827792146336518,2.9744439114742107
17,1,0.16517288450726916,0.2410107829435238,0.33749761561760244,8.5,0.11271968058148935,-0.11016714280228393,0.17231209030884226,0.2951694645958485,0.712903404657728,8.7,0.6094560149571668,0.2771142194297012,0.014689635561648385,0.046292980462862426,-0.5252782019759958,-6.5,0.1260535932416512,2.686512202010045
17,2,0.3600905138684902,0.10681554280598601,-0.6590049067184578,4.0,0.6693534604968981,0.11654015066505553,-0.5282433677445303,-0.7426255521733778,-0.5282433677445296,0.0,0.7435076855750189,0.012689069629291758,0.35932933749125695,0.26875572276552057,-0.7894796012132971,4.6,0.5815986127546297,0.18007652806622318
18,1,0.14679488494629364,-0.03234479815169667,-0.6381724147750101,5.4,0.6906614438421351,0.34441029525353933,0.7653808385681016,0.7449398273588711,0.7666920338646036,-0.2,0.9068476349936488,-0.10274549729575934,-0.2100266594106736,-0.40553779489179154,-0.765414692870179,4.7,0.7597075866711376,0.2895350455521653
18,2,-0.5297058649156912,-0.5507154989780862,-0.6526500112189009,2.0,0.704497150889171,0.028619700302487006,0.3161584306917463,0.8228529077002896,0.6656862094878698,-6.3,0.3456590890880832,-0.10537701829063796,-0.48594163158430437,-0.8131566353879089,-0.5056681761364689,1.4,0.9042570033365825,0.12905108138821875
19,1,-0.24807444931322692,-0.25920386876279927,-0.5440582957519118,-2.7,0.9745952434494786,-0.00038031795636430445,-0.4557605528481556,-0.2554927208776782,-0.675038838972295,-1.1,0.9051160941919197,0.0002566109710906699,0.2925089357625939,0.08512813350722766,-0.45206644789457023,-3.7,0.9785586173627487,-0.0006752843162813746
19,2,-0.3893465044992453,-0.07738133049404128,-0.45093742823139493,-9.5,0.9914595985779839,3.3215300429881716e-05,-0.5543631042725984,-0.14854241920385058,-0.554363104272598,0.0,0.9900118388346109,-0.0008256283333155097,0.0019436647010495,0.22483062486154407,0.547760566383919,4.5,0.991358888200913,0.0004862764331059552
20,1,0.24399630999350894,0.28200519292614656,0.4765507477441172,5.2,0.7214766329168547,-0.09286618510631287,-0.08690928506538102,-0.023813648839552788,0.563899795860229,7.7,0.906847078893873,0.11492163843707869,0.31622027349552817,0.22315705514506357,0.49192499018836683,3.8,0.7946909704700041,-0.513670124604213
20,2,0.2765623346601841,-0.24306730580598063,-0.557685016834545,9.2,0.7555084210482007,0.48116024434616805,-0.6946147475793601,-0.678746685314997,-0.6979243039230982,0.2,0.6698470686826409,0.029531456112220886,0.702146934671022,0.3003596138271242,0.7039292428812274,-0.4,0.7892197824881108,0.1472696009033488
21,1,-0.6296216954865329,-0.5656348365630851,-0.629883204947823,-0.1,0.8243460628467725,-0.012437147862066487,-0.3470346887534186,-0.3769112503626176,-0.727682898644824,2.8,0.8682935851835446,-0.004156127179070778,-0.5346520677426037,-0.7639654110903719,-0.5815798764081329,-0.8,0.80625436001709,-0.02694866133076762
21,2,0.2802308597613033,0.8253424169900011,0.30496136403493124,-5.9,0.17784776770402458,1.1287841336193847,-0.40084815335917545,0.5828716720579246,0.6914872053549992,9.1,0.6638999888453947,-0.04745998474739415,-0.24587480224420893,0.23997045613257675,-0.28758520826188483,1.9,0.4087838793496142,3.109956011487394
22,1,-0.16960646787394107,0.11531253735648454,0.5442218912616176,7.2,0.7895131128082392,0.4888585439964345,0.1203920628916949,0.3263539952310421,0.7243483358948046,7.2,0.39039935397096714,0.11032845035738877,0.15907940077646784,0.32970028259498896,0.3764043878673323,-4.8,0.7794103384541702,-0.0879165245735189
22,2,0.5206967561009935,0.5458218696412951,0.5206967561009936,0.0,0.7716383591424103,-0.03302876542041518,0.463247774078159,0.921160197034964,0.8659037825059489,-2.9,0.5374820826946325,-0.2057273367179144,0.6360467701187366,0.23606880791256257,0.6382071714381534,0.3,0.9912660772483892,-0.0001485168413657472
23,1,-0.09464301258422807,-0.24253400401896885,-0.41372208476716715,-6.0,0.9540800740735906,-0.002855453657705332,0.4948017021208216,0.4075349857476174,0.5447982122940127,-0.7,0.995822118399071,-0.00012518671965886598,0.3144512527971691,-0.023796596055285515,0.48272484131097454,10.0,0.9867424884125721,4.5548510482425894e-05
23,2,0.05431800586636811,-0.11511204287351474,-0.22649371726578235,-4.5,0.9176814040528658,-0.024415607667586076,-0.32014427174308424,-0.5889522296154647,-0.5916158512043606,2.6,0.856826132373901,0.18132696823715183,-0.18016653678527123,-0.22119098508822566,-0.4673957713161252,9.7,0.9783403916290214,0.0007561194267723637
24,1,0.19850604680951375,-0.20669304525067317,-0.4193201108371805,-7.8,0.5730345265447266,0.002584472219304405,0.7559734372960654,0.730113353856689,0.8006096413554591,-0.9,0.8277021639768635,-0.043297673693817304,0.08326404532955675,-0.4562561227021457,-0.4367368323656501,-6.9,0.530692139972484,-0.01888149129929567
24,2,-0.0011388113471278688,-0.1942407835498081,0.5331643470515208,6.1,0.9222705630079489,-0.34783680376944215,0.24946240740342554,0.05882462525605037,-0.7579466554713811,-4.7,0.9924770428033068,-0.24363034464493113,0.048303853603078206,-0.30888524312889726,0.8570862710516235,6.3,0.966897867944191,-0.431446688568011
25,1,0.016570831830806425,-0.029139802773630315,0.29952555335230785,-5.0,0.8377932336757954,-0.06566014065064114,-0.5319294717189985,-0.09215280800467654,0.6350556259517157,-5.0,0.881389501522355,-0.030937673137831214,0.06698376246618913,-0.00295950136338454,0.34137790966328274,4.0,0.9043010069923789,-0.021630775728973786
25,2,-0.2034871540017983,0.15186211968913502,-0.3903607522927819,5.2,0.8808675101536381,-0.023294212143057273,-0.07321550059802011,0.18941067564978042,-0.7302088739114173,-6.6,0.8065079983140319,0.012211572578065311,0.1011463372063059,0.35913032853031135,-0.4447098410189295,10.0,0.9536744833618865,-0.005113758463703156
26,1,0.5949392380743647,-0.5986915024699919,0.6162190483279643,2.1,0.4589567790547594,2.8207885251565896,-0.5225705853098828,-0.7334293086825654,-0.56056923218302,2.3,0.4104493034096483,-0.07634315753191688,0.31060582682596044,0.3378020567902484,0.8174557763458049,2.7,0.6683158154772262,-3.116444470043841
26,2,0.49786423153247106,0.5525053483609519,0.49786423153247067,0.0,0.6256020047986411,0.24348766958671883,0.917993010892939,0.9075630154514008,0.9179930108929392,0.0,0.5950358721509127,0.01554617243878077,-0.2115297801729148,0.03724311262892948,0.6796012002143766,8.0,0.27896969579014214,0.42714055178790383
27,1,0.06363574319484541,0.0801298349131844,-0.3696497789496242,-10.0,0.7754610051493108,-0.29539277592412694,0.6376816744050599,0.5560418414811917,0.745723169070741,-1.9,0.9518791122021668,0.05593609713357931,-0.19847090351849747,-0.24581846692424006,0.3634346205760111,6.8,0.764749185246493,-0.38432804428483525
27,2,-0.4017458723803331,-0.22690201564941084,-0.4190229072399438,10.0,0.9840529400004282,-0.0006996821433212768,0.7594281973520093,0.541320180746326,0.7594281973520097,0.0,0.9942425244136938,0.0001618388910966631,-0.5040464806203077,-0.09687667518149269,-0.5465097369460266,-2.4,0.9794637351588404,0.00029465483329285056
28,1,-0.057485860261560634,0.2563507685162254,-0.5667950507717199,6.2,0.9636112532155416,-9.382577587311062e-05,0.7091350867389341,-0.29800913478895397,0.8840146135378987,-1.8,0.7880020432735042,0.006890444515033902,0.05517671478573659,0.46981715697624155,-0.5024130756399691,-4.1,0.9839714057057662,-0.0001392257486863965
28,2,0.33889156791458225,0.10384372197439987,0.36351684386653726,-0.7,0.8550507849579599,0.3097088337329965,0.2154873775866385,0.1601625654620857,0.39229482597055687,-7.3,0.9512110265425131,0.33846833422180533,-0.1530313423885012,-0.4191691579039359,-0.2517535814957302,5.1,0.8458194349526016,0.3121867440586362
29,1,0.5012226434960271,0.30073779947075224,0.737080687769577,-1.4,0.7196155861386494,-0.024134443514975235,0.6589493863304912,0.4604541183473999,0.9265665179269342,-1.4,0.8252010831977132,0.12110410203060802,0.5196836479500015,0.5902457657813899,-0.7413859045238548,5.0,0.7085610096891674,-0.10496285749801941
29,2,0.465801277807952,0.547682163410432,0.7772865369893477,1.9,0.12255717708363284,0.19419418468479166,0.4063306780823034,0.5196744441365059,0.7526544276198606,1.9,0.5411937220196193,0.2408552823179721,0.5580882926298941,0.7287367075874215,0.789651621647258,2.4,0.27440125903143125,-1.1096266405081856
30,1,-0.09747082123992554,-0.1477257739612474,0.4187304267252352,10.0,0.9715776197891237,-0.07923016551479563,-0.12288880499033324,-0.21706416560021372,-0.7215752554406079,-3.9,0.8605654706402032,-0.026322003834962544,-0.8987408810446363,-0.891685264356751,-0.8987408810446362,0.0,0.8719534910239574,-0.1727798372361289
30,2,-0.3133003300377132,-0.2266606372469987,-0.5118766101998485,4.2,0.9188956102094276,0.000520029000280836,-0.6771451449053818,-0.6612704316562884,-0.6771451449053818,0.0,0.9638410004998017,-0.043733773766206935,-0.05932627774116459,-0.38175266618131615,-0.5682713533236238,4.7,0.8910916174216412,0.0038016068360298954
32,1,0.42155539582704477,0.04761464872428902,0.491657380701463,-1.9,0.7301192946355642,-0.1450919772968098,-0.5707474345100715,-0.46802233490699335,0.8191916743374534,6.6,0.9410382871666738,-0.1534022730560096,0.7598109102313632,0.584102194448861,0.762726964830098,-0.4,0.6791864178763928,-0.15159208788874567
32,2,-0.8227217262547188,-0.7075427031673756,-0.8227217262547187,0.0,0.7419548335843551,-0.051463495073540894,-0.4274255299761082,-0.44814903502978826,-0.4945854493667299,-6.4,0.9698376770977619,-0.0024452379630079727,-0.2138599754803787,0.10038349398064186,0.46567195370202724,4.7,0.44773404088716434,-0.2481834709128426
