DyadID,ParticipantID,TrialNum,ClickTime_s,PAS
1,1,1,43.779804,2
1,1,2,29.236968,1
1,1,3,21.962952,2
1,1,4,35.738758,2
1,1,5,41.07869,2
1,1,6,34.749776,2
1,1,7,34.08115,2
1,1,8,33.251158,1
1,1,9,56.071118,2
1,1,11,19.117182,2
1,1,12,25.154054,2
1,1,13,40.717078,2
1,1,14,45.16098,3
1,1,15,38.566516,2
1,1,16,37.757743,2
1,1,17,53.497843,2
1,1,18,51.766665,2
1,2,1,44.793594,3
1,2,2,41.03702,4
1,2,3,38.460644,2
1,2,4,51.942751,4
1,2,5,25.481678,4
1,2,6,34.769182,3
1,2,7,39.02091,3
1,2,8,39.602041,4
1,2,9,54.903871,3
1,2,10,29.697077,4
1,2,12,16.886818,3
1,2,13,52.18305,3
1,2,14,37.187426,3
1,2,15,24.846432,4
1,2,16,36.908226,4
1,2,17,19.053864,4
1,2,18,40.698066,3
2,1,1,49.873295,3
2,1,3,37.548966,3
2,1,4,19.245694,4
2,1,5,45.274847,4
2,1,6,25.127674,4
2,1,7,23.329744,4
2,1,8,23.816536,4
2,1,9,18.580084,4
2,1,10,34.792031,4
2,1,11,31.951806,3
2,1,12,23.795849,3
2,1,13,26.998072,4
2,1,14,28.227643,4
2,1,15,22.617641,4
2,1,16,39.919561,4
2,1,17,28.44914,3
2,1,18,9.649953,4
2,2,1,51.935266,3
2,2,2,12.31346,3
2,2,3,37.39665,4
2,2,4,18.994741,4
2,2,5,37.485736,4
2,2,6,28.655534,3
2,2,7,18.256628,4
2,2,8,18.263886,4
2,2,9,15.347654,4
2,2,10,34.519584,4
2,2,11,53.991476,3
2,2,13,47.195701,3
2,2,14,31.483136,4
2,2,15,22.656977,4
2,2,16,52.159784,3
2,2,17,28.09851,3
2,2,18,15.421783,4
3,1,1,24.015276,2
3,1,2,55.497887,2
3,1,3,22.741431,2
3,1,4,46.86635,2
3,1,5,33.150417,3
3,1,6,56.896204,2
3,1,8,31.229384,4
3,1,9,56.300141,2
3,1,10,56.598098,3
3,1,11,7.392718,2
3,1,12,24.17012,2
3,1,13,33.579162,2
3,1,14,47.011508,2
3,1,15,27.918709,2
3,1,16,4.448261,3
3,1,17,15.461476,3
3,1,18,3.868528,4
3,2,1,50.032544,2
3,2,2,20.458634,3
3,2,3,14.151291,2
3,2,4,55.036248,2
3,2,5,27.118158,2
3,2,6,16.734525,2
3,2,7,5.090071,3
3,2,8,22.505279,3
3,2,9,21.540281,2
3,2,10,23.823582,2
3,2,11,13.308685,3
3,2,12,8.727409,2
3,2,13,40.57064,3
3,2,15,13.460196,4
3,2,16,8.202197,2
3,2,17,23.659826,4
3,2,18,18.918905,4
4,1,1,32.396576,2
4,1,2,56.447275,2
4,1,3,50.273867,1
4,1,4,48.45618,3
4,1,5,7.774625,2
4,1,6,23.152256,2
4,1,7,32.926396,2
4,1,8,48.472422,3
4,1,9,31.788143,2
4,1,10,47.386748,2
4,1,12,24.990833,2
4,1,13,50.275843,3
4,1,14,41.975899,2
4,1,16,41.450598,2
4,1,17,35.318947,2
4,1,18,33.87978,2
4,2,1,16.713238,3
4,2,2,22.073632,2
4,2,3,42.911388,4
4,2,4,42.092221,3
4,2,5,17.237488,2
4,2,6,31.368431,3
4,2,7,6.355071,4
4,2,8,26.41017,3
4,2,9,6.034538,4
4,2,10,24.70487,3
4,2,11,26.433542,3
4,2,12,38.714996,4
4,2,13,6.586704,3
4,2,14,41.641934,4
4,2,15,34.224977,4
4,2,16,45.989964,4
4,2,17,27.680853,4
4,2,18,31.895842,4
5,1,1,13.303935,2
5,1,2,6.588518,2
5,1,3,34.755595,3
5,1,4,16.025262,2
5,1,6,11.414037,3
5,1,7,17.064755,3
5,1,8,54.132185,3
5,1,9,37.650474,3
5,1,10,55.595217,3
5,1,11,35.896434,3
5,1,13,10.520687,3
5,1,14,52.823426,3
5,1,15,47.768437,3
5,1,16,24.625008,3
5,1,17,43.083008,3
5,1,18,52.931994,3
5,2,1,39.277481,2
5,2,2,27.754255,3
5,2,3,16.514255,2
5,2,4,14.634363,2
5,2,5,27.00885,3
5,2,6,4.689134,4
5,2,7,40.005104,3
5,2,8,21.414183,3
5,2,9,20.197806,2
5,2,10,27.379325,2
5,2,11,53.020118,3
5,2,12,25.386652,2
5,2,13,24.846096,2
5,2,14,24.968497,2
5,2,15,15.917139,2
5,2,16,17.749182,2
5,2,17,44.022544,2
5,2,18,29.600201,2
6,1,1,59.773312,2
6,1,2,45.301235,2
6,1,3,0.0,2
6,1,5,39.517461,2
6,1,6,14.928669,3
6,1,7,36.542121,2
6,1,8,59.231791,3
6,1,9,40.316101,3
6,1,10,54.033541,2
6,1,11,31.072859,3
6,1,12,37.639836,3
6,1,13,9.77578,3
6,1,14,39.932035,3
6,1,15,58.844412,3
6,1,16,17.036201,3
6,1,17,19.226495,2
6,1,18,48.318589,3
6,2,2,43.794817,3
6,2,3,32.602106,4
6,2,4,26.272622,3
6,2,5,35.452531,3
6,2,6,21.620263,4
6,2,7,38.299378,3
6,2,8,54.809779,3
6,2,9,45.627408,4
6,2,10,19.452988,2
6,2,11,30.193924,4
6,2,12,45.111299,3
6,2,13,32.07135,4
6,2,14,39.462579,3
6,2,15,39.978935,4
6,2,16,14.566304,4
6,2,17,35.885945,2
6,2,18,29.047985,4
7,1,1,30.418025,2
7,1,2,51.144544,3
7,1,3,16.247791,4
7,1,4,44.916533,4
7,1,5,14.248076,4
7,1,6,8.212784,3
7,1,7,21.056551,3
7,1,8,41.261083,3
7,1,9,30.010792,4
7,1,10,30.284924,4
7,1,12,45.537208,2
7,1,13,44.466606,3
7,1,14,56.813785,2
7,1,15,15.733094,3
7,1,16,41.137778,3
7,1,17,23.50253,3
7,1,18,40.581493,2
7,2,1,24.652116,2
7,2,2,7.772764,2
7,2,3,26.273112,2
7,2,4,21.963452,2
7,2,5,17.523573,2
7,2,6,37.902891,2
7,2,7,47.1545,3
7,2,9,25.662135,3
7,2,10,34.364847,4
7,2,12,31.721108,2
7,2,13,57.733018,3
7,2,14,54.857006,3
7,2,15,17.230712,4
7,2,16,48.873672,3
7,2,17,54.874966,2
7,2,18,46.210101,3
8,1,1,20.056324,2
8,1,3,12.791135,2
8,1,4,56.086021,3
8,1,5,24.75352,2
8,1,6,24.219953,2
8,1,7,8.417847,3
8,1,9,37.575325,3
8,1,10,27.579786,3
8,1,12,31.032739,4
8,1,13,53.532928,2
8,1,14,1.196732,3
8,1,15,17.774895,4
8,1,16,8.151716,3
8,1,18,13.846083,3
8,2,1,43.464232,2
8,2,2,44.285218,3
8,2,3,22.89819,3
8,2,4,42.436302,3
8,2,5,52.408258,4
8,2,6,58.095377,4
8,2,8,53.165696,2
8,2,9,51.922354,2
8,2,10,57.920389,3
8,2,11,56.268834,3
8,2,12,58.342557,2
8,2,14,31.128549,4
8,2,15,55.70064,3
8,2,16,35.401883,4
8,2,18,25.735572,2
9,1,1,41.747217,3
9,1,2,49.061783,4
9,1,3,32.641366,2
9,1,4,27.535706,4
9,1,6,38.448837,3
9,1,7,38.487182,4
9,1,8,33.588653,3
9,1,9,51.46272,4
9,1,10,48.604357,4
9,1,12,32.451084,3
9,1,14,59.804042,2
9,1,15,53.813146,4
9,1,16,25.144557,4
9,1,17,33.503474,4
9,1,18,16.402815,3
9,2,1,23.600295,2
9,2,2,24.914084,3
9,2,3,44.966745,4
9,2,4,42.579201,3
9,2,5,34.413032,4
9,2,6,31.354755,3
9,2,7,30.771518,4
9,2,9,43.655164,3
9,2,10,44.484749,2
9,2,11,36.180087,3
9,2,12,26.920706,3
9,2,13,15.175828,4
9,2,14,22.55709,3
9,2,15,10.109077,4
9,2,16,35.776356,4
9,2,17,25.163704,3
9,2,18,12.26115,4
10,1,1,45.045929,3
10,1,2,19.112078,4
10,1,3,27.224219,4
10,1,4,18.059445,4
10,1,5,15.197035,4
10,1,6,27.977264,4
10,1,7,14.438645,4
10,1,8,44.493287,4
10,1,9,49.666637,3
10,1,10,37.31349,4
10,1,12,25.437771,3
10,1,13,42.303143,3
10,1,14,37.836197,4
10,1,15,40.28672,3
10,1,16,23.130467,4
10,1,17,29.079417,4
10,1,18,25.03386,4
10,2,1,18.395614,3
10,2,2,14.077067,4
10,2,3,31.968873,4
10,2,4,35.844963,4
10,2,5,24.821101,4
10,2,7,30.330334,4
10,2,8,12.246391,3
10,2,9,27.15465,4
10,2,10,30.784943,4
10,2,11,12.342252,4
10,2,12,29.642464,4
10,2,13,16.136957,4
10,2,14,22.203648,4
10,2,15,24.873189,4
10,2,16,8.291099,4
10,2,17,42.055126,4
10,2,18,13.270926,4
11,1,1,32.664729,3
11,1,3,12.672936,4
11,1,5,7.290171,4
11,1,6,57.256047,2
11,1,7,25.968014,3
11,1,8,31.89218,4
11,1,9,14.524134,3
11,1,10,54.243061,4
11,1,11,9.45524,4
11,1,12,11.404001,4
11,1,13,14.115069,4
11,1,14,34.310009,4
11,1,15,29.896987,4
11,1,17,29.326688,4
11,1,18,13.086875,4
11,2,1,43.05879,2
11,2,2,49.069948,2
11,2,3,50.695765,1
11,2,4,34.472366,2
11,2,5,57.756762,3
11,2,6,42.713731,2
11,2,7,33.533451,1
11,2,8,51.602583,2
11,2,10,18.481918,3
11,2,11,15.337833,2
11,2,12,32.988355,4
11,2,13,0.0,3
11,2,14,52.742032,2
11,2,15,48.619054,2
11,2,16,43.148155,2
11,2,17,25.973607,3
11,2,18,34.343564,4
12,1,1,18.635539,4
12,1,2,9.934768,2
12,1,3,40.810065,4
12,1,4,45.851493,4
12,1,5,41.624648,4
12,1,6,54.641367,2
12,1,7,32.634623,4
12,1,8,19.647963,4
12,1,9,12.061999,4
12,1,10,14.578057,4
12,1,11,19.74541,4
12,1,12,19.083672,4
12,1,13,26.637182,4
12,1,14,19.170932,4
12,1,15,42.034656,4
12,1,16,22.134792,4
12,1,17,16.173146,4
12,1,18,35.223403,4
12,2,1,36.425162,2
12,2,4,11.954882,2
12,2,5,12.408561,2
12,2,6,48.717538,2
12,2,8,21.035974,4
12,2,9,29.213882,4
12,2,10,14.699517,2
12,2,11,21.879772,4
12,2,12,17.014879,4
12,2,13,27.040571,4
12,2,14,24.594451,4
12,2,15,42.454712,4
12,2,16,31.31289,4
12,2,17,23.862937,4
12,2,18,36.184562,4
13,1,1,46.02351,3
13,1,2,20.828339,4
13,1,3,25.165987,4
13,1,4,15.292905,4
13,1,5,38.353703,4
13,1,6,15.955635,4
13,1,7,51.198779,3
13,1,8,50.742455,4
13,1,9,30.328998,4
13,1,10,40.249524,4
13,1,11,34.156855,4
13,1,12,37.253132,4
13,1,13,47.953381,4
13,1,14,23.761336,4
13,1,15,29.34348,4
13,1,16,42.056847,4
13,1,17,50.249331,4
13,1,18,49.679343,4
13,2,1,28.435845,3
13,2,2,18.979633,4
13,2,4,28.818647,2
13,2,5,49.526377,3
13,2,7,27.433092,2
13,2,8,28.025067,3
13,2,9,31.204676,4
13,2,10,47.988666,2
13,2,11,34.990062,4
13,2,13,20.87523,3
13,2,14,22.846113,3
13,2,15,29.986013,4
13,2,16,18.854198,3
13,2,17,18.610669,3
13,2,18,50.326115,3
14,1,1,50.377459,3
14,1,3,35.02831,3
14,1,4,25.435464,3
14,1,5,24.889467,4
14,1,6,37.971338,3
14,1,7,13.500094,3
14,1,8,16.499298,4
14,1,9,21.489355,4
14,1,10,29.844364,4
14,1,11,45.084766,3
14,1,12,33.680321,3
14,1,13,26.477847,3
14,1,14,47.314622,3
14,1,15,53.674527,4
14,1,16,57.296756,3
14,1,17,43.007916,4
14,1,18,19.185789,4
14,2,1,2.32568,2
14,2,2,23.970307,3
14,2,3,25.921775,2
14,2,4,24.726123,3
14,2,5,2.602284,3
14,2,6,21.460031,3
14,2,7,15.955539,3
14,2,8,14.642703,4
14,2,9,18.020585,3
14,2,10,28.138836,4
14,2,11,23.671578,3
14,2,12,36.079425,2
14,2,13,22.978349,3
14,2,14,22.004663,2
14,2,15,28.16105,3
14,2,16,47.911613,3
14,2,17,18.853288,2
14,2,18,17.276217,3
15,1,1,27.920555,2
15,1,2,21.494552,3
15,1,3,48.621986,2
15,1,4,58.847386,2
15,1,5,50.139453,2
15,1,6,30.412431,3
15,1,7,13.002215,3
15,1,8,21.629231,4
15,1,9,53.11858,3
15,1,10,15.558459,4
15,1,11,19.141464,4
15,1,12,38.822804,4
15,1,13,13.147397,4
15,1,15,26.222876,3
15,1,16,9.425567,4
15,1,17,13.300569,4
15,1,18,36.450725,4
15,2,1,2.459408,1
15,2,2,23.441605,2
15,2,3,25.576303,3
15,2,4,14.286983,3
15,2,6,22.359456,2
15,2,7,42.769436,4
15,2,8,15.448483,3
15,2,9,15.398635,3
15,2,10,8.194186,3
15,2,11,17.44878,4
15,2,12,13.0309,2
15,2,13,11.664681,3
15,2,14,52.348385,2
15,2,15,9.194168,1
15,2,16,11.310478,4
15,2,17,11.411618,4
15,2,18,23.067931,3
16,1,1,25.254911,3
16,1,2,30.249627,3
16,1,3,27.731391,3
16,1,4,43.848194,4
16,1,5,14.147252,3
16,1,6,39.638986,4
16,1,7,31.162995,4
16,1,8,38.922311,3
16,1,9,18.361978,4
16,1,10,23.032982,3
16,1,11,28.398612,4
16,1,12,28.257867,3
16,1,13,12.254652,4
16,1,14,16.258115,4
16,1,15,25.599694,4
16,1,16,21.738083,4
16,1,17,25.25408,4
16,1,18,24.347402,4
16,2,13,3.069761,4
16,2,14,19.641091,3
16,2,15,21.612578,4
16,2,16,36.978055,4
16,2,17,37.83039,3
17,1,1,43.583183,3
17,1,2,36.698347,2
17,1,3,39.522717,4
17,1,5,34.555984,2
17,1,6,38.133882,4
17,1,7,25.897342,4
17,1,8,20.609207,4
17,1,9,53.587845,3
17,1,10,42.878622,3
17,1,11,12.030676,4
17,1,12,50.117212,4
17,1,13,13.939692,4
17,1,14,23.923303,4
17,1,17,35.98162,3
17,1,18,12.223386,3
17,2,1,37.812147,2
17,2,3,54.736366,2
17,2,4,30.778582,2
17,2,5,46.071596,2
17,2,6,26.734783,2
17,2,8,22.360274,3
17,2,10,42.994233,2
17,2,13,49.557157,2
17,2,14,25.014161,2
17,2,15,19.596011,2
17,2,17,40.594512,2
18,1,2,13.883615,3
18,1,3,8.824517,4
18,1,4,25.088304,4
18,1,5,6.795964,4
18,1,6,11.661969,4
18,1,7,10.54142,4
18,1,8,37.736201,4
18,1,9,57.966997,3
18,1,10,9.11046,3
18,1,11,18.831076,4
18,1,12,9.442427,4
18,1,13,27.148143,4
18,1,14,33.399842,4
18,1,15,18.896858,4
18,1,16,25.452197,4
18,1,17,22.706918,4
18,1,18,16.619007,4
18,2,3,25.298782,3
18,2,4,24.887099,4
18,2,5,52.529468,3
18,2,6,11.835078,4
18,2,7,10.247085,4
18,2,8,30.491033,3
18,2,9,57.327059,3
18,2,10,17.900162,4
18,2,12,28.555792,3
18,2,13,27.48471,4
18,2,14,6.993382,4
18,2,15,40.863697,4
18,2,16,30.933363,4
18,2,17,23.040402,4
18,2,18,17.854972,4
19,1,1,26.227594,3
19,1,2,6.255063,3
19,1,4,14.728705,4
19,1,5,35.503701,4
19,1,6,30.205417,4
19,1,7,11.697575,2
19,1,8,21.941472,2
19,1,11,14.767651,3
19,1,12,51.551654,3
19,1,14,12.081445,4
19,1,15,19.180795,4
19,1,16,13.613174,3
19,1,17,37.686564,4
19,1,18,26.47727,3
19,2,1,40.058356,4
19,2,2,21.452594,4
19,2,3,22.112765,4
19,2,4,19.58641,4
19,2,5,12.502604,4
19,2,6,45.731371,4
19,2,7,32.341453,4
19,2,8,31.686813,4
19,2,9,22.427088,4
19,2,10,16.550479,4
19,2,11,34.409408,4
19,2,12,13.460595,4
19,2,13,14.545266,4
19,2,14,41.997668,4
19,2,15,22.892688,4
19,2,16,17.276963,4
19,2,17,15.529175,4
19,2,18,13.10374,4
20,1,1,45.337612,3
20,1,2,46.192977,2
20,1,3,37.321808,3
20,1,4,30.309816,4
20,1,6,16.883828,4
20,1,7,31.175555,2
20,1,8,27.436237,3
20,1,9,20.414557,2
20,1,10,17.832,4
20,1,11,43.673186,4
20,1,12,22.976727,3
20,1,13,17.382245,3
20,1,14,42.865376,4
20,1,15,28.657951,4
20,1,16,39.896025,4
20,1,17,36.827513,4
20,1,18,41.115184,4
20,2,1,31.743125,3
20,2,3,40.239726,3
20,2,4,51.706713,3
20,2,8,35.0585,3
20,2,10,44.649251,3
20,2,11,51.955273,4
20,2,13,49.963503,4
20,2,15,30.16747,3
20,2,16,52.938344,4
20,2,17,49.632837,4
20,2,18,58.616992,4
21,1,1,12.880207,1
21,1,2,53.779581,2
21,1,3,11.915588,2
21,1,5,25.401109,3
21,1,6,41.815371,3
21,1,7,20.784938,3
21,1,8,42.199231,3
21,1,9,34.406523,3
21,1,10,33.905287,3
21,1,11,11.716375,3
21,1,12,29.896431,3
21,1,13,23.639788,2
21,1,14,28.987051,2
21,1,15,37.821306,3
21,1,16,23.731479,3
21,1,17,27.215158,3
21,1,18,57.754141,3
21,2,1,49.192142,4
21,2,3,29.057274,4
21,2,4,29.856397,4
21,2,5,18.486827,4
21,2,6,42.398872,4
21,2,7,22.772699,4
21,2,8,51.593912,4
21,2,9,54.176619,4
21,2,10,15.518477,4
21,2,11,48.328013,4
21,2,12,14.713796,4
21,2,13,11.342057,4
21,2,14,47.345781,4
21,2,15,38.801386,4
21,2,16,48.334824,4
21,2,17,37.792753,4
21,2,18,45.88185,4
22,1,2,13.628073,2
22,1,4,15.241392,2
22,1,5,42.487208,2
22,1,6,45.097447,2
22,1,7,57.098601,2
22,1,8,43.904389,2
22,1,9,25.780977,2
22,1,10,44.365048,2
22,1,12,44.919339,2
22,1,13,29.751916,2
22,1,14,39.703064,2
22,1,15,49.209999,2
22,1,16,32.311842,3
22,1,17,10.535924,3
22,1,18,18.241562,3
22,2,1,21.26858,2
22,2,2,38.024399,3
22,2,3,42.186995,2
22,2,5,48.038535,2
22,2,6,43.237424,2
22,2,7,57.666977,3
22,2,8,48.28493,3
22,2,9,40.039492,3
22,2,10,27.133004,3
22,2,11,39.806716,3
22,2,13,38.57763,4
22,2,14,42.5467,4
22,2,15,43.79358,4
22,2,16,36.882281,3
22,2,17,32.178975,2
22,2,18,53.070754,4
23,1,1,48.904661,1
23,1,2,44.014896,1
23,1,3,35.265316,3
23,1,4,15.106961,3
23,1,5,28.34956,4
23,1,6,19.080873,2
23,1,7,57.405906,2
23,1,8,17.647934,3
23,1,9,32.322685,3
23,1,10,12.002201,3
23,1,11,19.802005,3
23,1,12,18.715711,3
23,1,13,26.837687,4
23,1,14,38.484809,2
23,1,15,29.002225,3
23,1,16,30.476548,3
23,1,17,24.077069,2
23,1,18,39.660685,3
23,2,1,50.050063,2
23,2,2,29.855873,3
23,2,3,56.857632,3
23,2,4,26.619696,4
23,2,5,27.7056,4
23,2,6,37.830058,4
23,2,7,57.519241,3
23,2,8,53.467862,3
23,2,9,29.699219,3
23,2,10,30.363077,4
23,2,12,17.827945,3
23,2,13,32.23392,3
23,2,14,55.138129,3
23,2,15,55.408513,3
23,2,16,46.528329,3
23,2,17,24.906304,3
23,2,18,28.89216,4
24,1,1,37.710613,3
24,1,2,8.798244,3
24,1,3,16.385501,4
24,1,4,7.43229,3
24,1,5,17.640177,4
24,1,6,8.275549,4
24,1,7,11.7973,3
24,1,8,7.343588,2
24,1,9,17.088415,3
24,1,10,15.681565,3
24,1,11,18.078733,3
24,1,12,22.233154,3
24,1,13,10.992336,3
24,1,14,13.322038,3
24,1,15,13.984787,3
24,1,16,11.029546,3
24,1,17,17.50064,3
24,1,18,19.807832,3
24,2,2,19.798085,2
24,2,3,56.427782,2
24,2,4,23.618356,2
24,2,6,33.594959,3
24,2,7,53.647364,2
24,2,8,29.037187,2
24,2,9,24.470178,2
24,2,10,19.57533,3
24,2,11,39.275503,4
24,2,12,44.007729,4
24,2,13,45.187708,2
24,2,14,43.036032,2
24,2,15,20.503456,3
24,2,16,30.455302,2
24,2,17,31.839043,3
24,2,18,28.941306,3
25,1,2,43.737867,2
25,1,3,33.475346,3
25,1,4,35.068676,3
25,1,6,40.340559,3
25,1,7,11.824137,3
25,1,8,13.178281,3
25,1,9,40.432365,2
25,1,10,9.757096,3
25,1,11,33.519482,3
25,1,12,48.855973,1
25,1,13,24.158245,3
25,1,14,40.133783,3
25,1,15,31.5047,3
25,1,16,31.593394,3
25,1,17,43.064289,3
25,1,18,23.767165,3
25,2,1,26.4627,3
25,2,2,43.74264,3
25,2,3,32.654054,3
25,2,4,32.668168,3
25,2,5,24.487248,3
25,2,6,30.632142,3
25,2,7,20.476163,3
25,2,8,35.895603,3
25,2,10,32.601741,3
25,2,11,33.236108,3
25,2,12,50.567288,3
25,2,13,16.722386,3
25,2,14,42.683804,3
25,2,15,13.260251,3
25,2,16,24.481928,3
25,2,17,37.420831,3
25,2,18,54.662751,3
26,1,1,40.377852,3
26,1,2,45.595369,2
26,1,4,45.664019,3
26,1,5,23.537554,3
26,1,6,37.195783,3
26,1,7,18.411646,4
26,1,8,33.68593,3
26,1,9,28.265022,3
26,1,10,40.69924,3
26,1,11,19.86254,4
26,1,12,46.720096,3
26,1,13,48.580404,3
26,1,14,42.041656,2
26,1,15,25.250502,3
26,1,16,32.578554,2
26,1,17,43.670063,3
26,1,18,27.16655,3
26,2,1,27.195427,2
26,2,2,38.154802,2
26,2,3,31.555654,2
26,2,4,22.940573,2
26,2,5,17.737475,3
26,2,6,31.711091,2
26,2,7,19.885248,3
26,2,8,34.170044,3
26,2,9,28.713239,2
26,2,10,40.619688,3
26,2,11,31.121541,2
26,2,12,21.214183,2
26,2,13,16.295291,4
26,2,14,41.867019,2
26,2,15,22.952397,2
26,2,16,22.4184,4
26,2,17,44.281265,2
26,2,18,32.691436,4
27,1,1,16.489776,2
27,1,2,49.618904,3
27,1,3,32.261138,2
27,1,4,34.174563,3
27,1,6,22.14057,4
27,1,7,15.978644,3
27,1,8,21.96059,4
27,1,9,23.341251,3
27,1,10,17.922132,4
27,1,11,50.16574,3
27,1,12,24.298214,2
27,1,13,18.853636,2
27,1,15,49.832354,3
27,1,16,51.835969,4
27,1,17,46.255236,3
27,1,18,48.47157,4
27,2,1,38.697309,4
27,2,2,16.454685,4
27,2,3,39.002839,4
27,2,4,19.657294,4
27,2,5,23.998741,4
27,2,6,11.912327,4
27,2,7,12.790802,4
27,2,8,18.44479,4
27,2,9,20.298684,4
27,2,10,18.601466,4
27,2,11,16.308167,4
27,2,12,15.826354,4
27,2,13,20.113229,4
27,2,14,32.743556,4
27,2,15,26.330109,4
27,2,16,18.738902,4
27,2,17,14.503499,4
27,2,18,16.487976,4
28,1,1,35.408423,3
28,1,2,40.500562,3
28,1,4,51.472446,1
28,1,5,27.399512,4
28,1,6,57.390627,4
28,1,7,21.02691,4
28,1,8,38.336656,3
28,1,9,27.868031,2
28,1,11,51.978613,2
28,1,12,36.429492,3
28,1,14,56.270781,1
28,1,15,20.718207,3
28,1,16,30.81738,4
28,1,17,23.638968,4
28,1,18,16.468981,4
28,2,1,48.940842,2
28,2,3,27.617774,2
28,2,5,40.69894,2
28,2,8,40.432649,2
28,2,9,46.036148,2
28,2,12,40.593005,3
28,2,14,54.565321,2
28,2,15,58.258436,2
28,2,16,26.228072,3
28,2,17,30.247485,3
28,2,18,40.553379,3
29,1,1,44.826366,2
29,1,2,43.20937,3
29,1,3,54.948174,3
29,1,4,32.16944,2
29,1,5,53.372068,3
29,1,7,29.295445,4
29,1,8,59.189917,2
29,1,9,32.217393,2
29,1,10,53.132795,2
29,1,11,43.518257,2
29,1,12,23.226586,4
29,1,13,15.616982,3
29,1,14,31.496564,4
29,1,15,30.422951,3
29,1,16,40.835512,3
29,1,17,49.972723,3
29,1,18,29.64547,4
29,2,1,26.594524,2
29,2,2,34.490278,3
29,2,3,50.7062,2
29,2,4,29.051149,2
29,2,5,40.361766,3
29,2,7,17.76007,2
29,2,8,38.941121,3
29,2,9,13.032072,3
29,2,10,10.731475,4
29,2,11,17.900782,2
29,2,12,22.293536,3
29,2,13,33.853061,3
29,2,14,20.317446,4
29,2,15,14.840523,3
29,2,16,34.740452,2
29,2,17,18.361512,3
29,2,18,25.283628,4
30,1,1,12.311683,2
30,1,2,33.184822,2
30,1,3,27.343986,2
30,1,4,49.155485,2
30,1,6,19.695692,3
30,1,7,22.925574,2
30,1,8,13.851834,2
30,1,10,23.6011,2
30,1,11,44.899593,2
30,1,12,28.491801,3
30,1,13,13.718348,3
30,1,14,33.868194,3
30,1,15,45.817377,3
30,1,16,36.793854,3
30,1,17,34.329591,2
30,1,18,50.897984,3
30,2,1,7.931462,4
30,2,2,5.151797,4
30,2,3,2.842434,4
30,2,4,5.585383,4
30,2,5,0.0,4
30,2,6,4.225964,4
30,2,7,13.603627,4
30,2,8,1.361965,4
30,2,9,1.827056,4
30,2,10,2.143208,4
30,2,11,2.042707,4
30,2,12,1.287697,4
30,2,13,4.936531,4
30,2,14,7.327225,3
30,2,15,21.315255,4
30,2,16,20.012759,4
30,2,17,11.964819,3
30,2,18,13.992203,3
32,1,1,15.710591,2
32,1,2,2.798137,3
32,1,3,37.35528,2
32,1,4,6.394657,3
32,1,5,16.461877,3
32,1,6,20.37652,2
32,1,7,8.493943,4
32,1,8,4.819329,4
32,1,9,4.464923,3
32,1,10,7.71474,3
32,1,11,26.797704,4
32,1,12,19.188728,4
32,1,13,7.509649,2
32,1,14,6.984615,3
32,1,15,33.166758,3
32,1,16,34.657374,3
32,1,17,10.962128,2
32,1,18,30.543201,3
32,2,2,33.13455,2
32,2,4,35.027787,2
32,2,5,40.377171,3
32,2,7,27.451306,3
32,2,8,47.262348,4
32,2,9,54.025797,4
32,2,10,31.312095,3
32,2,11,52.165012,3
32,2,12,39.714,4
32,2,14,38.756871,3
32,2,15,59.133784,2
32,2,16,39.615476,4
32,2,18,29.736323,3
